file,width,height,format,mode,source,aspect_ratio
176.png,1024,1024,PNG,RGB,mvtec,1.0
162.png,1024,1024,PNG,RGB,mvtec,1.0
189.png,1024,1024,PNG,RGB,mvtec,1.0
002.png,1024,1024,PNG,RGB,mvtec,1.0
016.png,1024,1024,PNG,RGB,mvtec,1.0
200.png,1024,1024,PNG,RGB,mvtec,1.0
201.png,1024,1024,PNG,RGB,mvtec,1.0
017.png,1024,1024,PNG,RGB,mvtec,1.0
003.png,1024,1024,PNG,RGB,mvtec,1.0
188.png,1024,1024,PNG,RGB,mvtec,1.0
163.png,1024,1024,PNG,RGB,mvtec,1.0
177.png,1024,1024,PNG,RGB,mvtec,1.0
149.png,1024,1024,PNG,RGB,mvtec,1.0
161.png,1024,1024,PNG,RGB,mvtec,1.0
175.png,1024,1024,PNG,RGB,mvtec,1.0
029.png,1024,1024,PNG,RGB,mvtec,1.0
015.png,1024,1024,PNG,RGB,mvtec,1.0
001.png,1024,1024,PNG,RGB,mvtec,1.0
203.png,1024,1024,PNG,RGB,mvtec,1.0
202.png,1024,1024,PNG,RGB,mvtec,1.0
000.png,1024,1024,PNG,RGB,mvtec,1.0
014.png,1024,1024,PNG,RGB,mvtec,1.0
028.png,1024,1024,PNG,RGB,mvtec,1.0
174.png,1024,1024,PNG,RGB,mvtec,1.0
160.png,1024,1024,PNG,RGB,mvtec,1.0
148.png,1024,1024,PNG,RGB,mvtec,1.0
164.png,1024,1024,PNG,RGB,mvtec,1.0
170.png,1024,1024,PNG,RGB,mvtec,1.0
158.png,1024,1024,PNG,RGB,mvtec,1.0
010.png,1024,1024,PNG,RGB,mvtec,1.0
004.png,1024,1024,PNG,RGB,mvtec,1.0
038.png,1024,1024,PNG,RGB,mvtec,1.0
212.png,1024,1024,PNG,RGB,mvtec,1.0
206.png,1024,1024,PNG,RGB,mvtec,1.0
207.png,1024,1024,PNG,RGB,mvtec,1.0
039.png,1024,1024,PNG,RGB,mvtec,1.0
005.png,1024,1024,PNG,RGB,mvtec,1.0
011.png,1024,1024,PNG,RGB,mvtec,1.0
159.png,1024,1024,PNG,RGB,mvtec,1.0
171.png,1024,1024,PNG,RGB,mvtec,1.0
165.png,1024,1024,PNG,RGB,mvtec,1.0
173.png,1024,1024,PNG,RGB,mvtec,1.0
167.png,1024,1024,PNG,RGB,mvtec,1.0
198.png,1024,1024,PNG,RGB,mvtec,1.0
007.png,1024,1024,PNG,RGB,mvtec,1.0
013.png,1024,1024,PNG,RGB,mvtec,1.0
205.png,1024,1024,PNG,RGB,mvtec,1.0
211.png,1024,1024,PNG,RGB,mvtec,1.0
210.png,1024,1024,PNG,RGB,mvtec,1.0
204.png,1024,1024,PNG,RGB,mvtec,1.0
012.png,1024,1024,PNG,RGB,mvtec,1.0
006.png,1024,1024,PNG,RGB,mvtec,1.0
199.png,1024,1024,PNG,RGB,mvtec,1.0
166.png,1024,1024,PNG,RGB,mvtec,1.0
172.png,1024,1024,PNG,RGB,mvtec,1.0
129.png,1024,1024,PNG,RGB,mvtec,1.0
115.png,1024,1024,PNG,RGB,mvtec,1.0
101.png,1024,1024,PNG,RGB,mvtec,1.0
049.png,1024,1024,PNG,RGB,mvtec,1.0
061.png,1024,1024,PNG,RGB,mvtec,1.0
075.png,1024,1024,PNG,RGB,mvtec,1.0
074.png,1024,1024,PNG,RGB,mvtec,1.0
060.png,1024,1024,PNG,RGB,mvtec,1.0
048.png,1024,1024,PNG,RGB,mvtec,1.0
100.png,1024,1024,PNG,RGB,mvtec,1.0
114.png,1024,1024,PNG,RGB,mvtec,1.0
128.png,1024,1024,PNG,RGB,mvtec,1.0
102.png,1024,1024,PNG,RGB,mvtec,1.0
116.png,1024,1024,PNG,RGB,mvtec,1.0
076.png,1024,1024,PNG,RGB,mvtec,1.0
062.png,1024,1024,PNG,RGB,mvtec,1.0
089.png,1024,1024,PNG,RGB,mvtec,1.0
088.png,1024,1024,PNG,RGB,mvtec,1.0
063.png,1024,1024,PNG,RGB,mvtec,1.0
077.png,1024,1024,PNG,RGB,mvtec,1.0
117.png,1024,1024,PNG,RGB,mvtec,1.0
103.png,1024,1024,PNG,RGB,mvtec,1.0
107.png,1024,1024,PNG,RGB,mvtec,1.0
113.png,1024,1024,PNG,RGB,mvtec,1.0
073.png,1024,1024,PNG,RGB,mvtec,1.0
067.png,1024,1024,PNG,RGB,mvtec,1.0
098.png,1024,1024,PNG,RGB,mvtec,1.0
099.png,1024,1024,PNG,RGB,mvtec,1.0
066.png,1024,1024,PNG,RGB,mvtec,1.0
072.png,1024,1024,PNG,RGB,mvtec,1.0
112.png,1024,1024,PNG,RGB,mvtec,1.0
106.png,1024,1024,PNG,RGB,mvtec,1.0
110.png,1024,1024,PNG,RGB,mvtec,1.0
104.png,1024,1024,PNG,RGB,mvtec,1.0
138.png,1024,1024,PNG,RGB,mvtec,1.0
064.png,1024,1024,PNG,RGB,mvtec,1.0
070.png,1024,1024,PNG,RGB,mvtec,1.0
058.png,1024,1024,PNG,RGB,mvtec,1.0
059.png,1024,1024,PNG,RGB,mvtec,1.0
071.png,1024,1024,PNG,RGB,mvtec,1.0
065.png,1024,1024,PNG,RGB,mvtec,1.0
139.png,1024,1024,PNG,RGB,mvtec,1.0
105.png,1024,1024,PNG,RGB,mvtec,1.0
111.png,1024,1024,PNG,RGB,mvtec,1.0
108.png,1024,1024,PNG,RGB,mvtec,1.0
134.png,1024,1024,PNG,RGB,mvtec,1.0
120.png,1024,1024,PNG,RGB,mvtec,1.0
068.png,1024,1024,PNG,RGB,mvtec,1.0
040.png,1024,1024,PNG,RGB,mvtec,1.0
054.png,1024,1024,PNG,RGB,mvtec,1.0
083.png,1024,1024,PNG,RGB,mvtec,1.0
097.png,1024,1024,PNG,RGB,mvtec,1.0
096.png,1024,1024,PNG,RGB,mvtec,1.0
082.png,1024,1024,PNG,RGB,mvtec,1.0
055.png,1024,1024,PNG,RGB,mvtec,1.0
041.png,1024,1024,PNG,RGB,mvtec,1.0
069.png,1024,1024,PNG,RGB,mvtec,1.0
121.png,1024,1024,PNG,RGB,mvtec,1.0
135.png,1024,1024,PNG,RGB,mvtec,1.0
109.png,1024,1024,PNG,RGB,mvtec,1.0
123.png,1024,1024,PNG,RGB,mvtec,1.0
137.png,1024,1024,PNG,RGB,mvtec,1.0
057.png,1024,1024,PNG,RGB,mvtec,1.0
043.png,1024,1024,PNG,RGB,mvtec,1.0
094.png,1024,1024,PNG,RGB,mvtec,1.0
080.png,1024,1024,PNG,RGB,mvtec,1.0
081.png,1024,1024,PNG,RGB,mvtec,1.0
095.png,1024,1024,PNG,RGB,mvtec,1.0
042.png,1024,1024,PNG,RGB,mvtec,1.0
056.png,1024,1024,PNG,RGB,mvtec,1.0
136.png,1024,1024,PNG,RGB,mvtec,1.0
122.png,1024,1024,PNG,RGB,mvtec,1.0
126.png,1024,1024,PNG,RGB,mvtec,1.0
132.png,1024,1024,PNG,RGB,mvtec,1.0
052.png,1024,1024,PNG,RGB,mvtec,1.0
046.png,1024,1024,PNG,RGB,mvtec,1.0
091.png,1024,1024,PNG,RGB,mvtec,1.0
085.png,1024,1024,PNG,RGB,mvtec,1.0
084.png,1024,1024,PNG,RGB,mvtec,1.0
090.png,1024,1024,PNG,RGB,mvtec,1.0
047.png,1024,1024,PNG,RGB,mvtec,1.0
053.png,1024,1024,PNG,RGB,mvtec,1.0
133.png,1024,1024,PNG,RGB,mvtec,1.0
127.png,1024,1024,PNG,RGB,mvtec,1.0
131.png,1024,1024,PNG,RGB,mvtec,1.0
125.png,1024,1024,PNG,RGB,mvtec,1.0
119.png,1024,1024,PNG,RGB,mvtec,1.0
045.png,1024,1024,PNG,RGB,mvtec,1.0
051.png,1024,1024,PNG,RGB,mvtec,1.0
079.png,1024,1024,PNG,RGB,mvtec,1.0
086.png,1024,1024,PNG,RGB,mvtec,1.0
092.png,1024,1024,PNG,RGB,mvtec,1.0
093.png,1024,1024,PNG,RGB,mvtec,1.0
087.png,1024,1024,PNG,RGB,mvtec,1.0
078.png,1024,1024,PNG,RGB,mvtec,1.0
050.png,1024,1024,PNG,RGB,mvtec,1.0
044.png,1024,1024,PNG,RGB,mvtec,1.0
118.png,1024,1024,PNG,RGB,mvtec,1.0
124.png,1024,1024,PNG,RGB,mvtec,1.0
130.png,1024,1024,PNG,RGB,mvtec,1.0
157.png,1024,1024,PNG,RGB,mvtec,1.0
143.png,1024,1024,PNG,RGB,mvtec,1.0
194.png,1024,1024,PNG,RGB,mvtec,1.0
180.png,1024,1024,PNG,RGB,mvtec,1.0
023.png,1024,1024,PNG,RGB,mvtec,1.0
037.png,1024,1024,PNG,RGB,mvtec,1.0
209.png,1024,1024,PNG,RGB,mvtec,1.0
208.png,1024,1024,PNG,RGB,mvtec,1.0
036.png,1024,1024,PNG,RGB,mvtec,1.0
022.png,1024,1024,PNG,RGB,mvtec,1.0
181.png,1024,1024,PNG,RGB,mvtec,1.0
195.png,1024,1024,PNG,RGB,mvtec,1.0
142.png,1024,1024,PNG,RGB,mvtec,1.0
156.png,1024,1024,PNG,RGB,mvtec,1.0
168.png,1024,1024,PNG,RGB,mvtec,1.0
140.png,1024,1024,PNG,RGB,mvtec,1.0
154.png,1024,1024,PNG,RGB,mvtec,1.0
183.png,1024,1024,PNG,RGB,mvtec,1.0
197.png,1024,1024,PNG,RGB,mvtec,1.0
008.png,1024,1024,PNG,RGB,mvtec,1.0
034.png,1024,1024,PNG,RGB,mvtec,1.0
020.png,1024,1024,PNG,RGB,mvtec,1.0
021.png,1024,1024,PNG,RGB,mvtec,1.0
035.png,1024,1024,PNG,RGB,mvtec,1.0
009.png,1024,1024,PNG,RGB,mvtec,1.0
196.png,1024,1024,PNG,RGB,mvtec,1.0
182.png,1024,1024,PNG,RGB,mvtec,1.0
155.png,1024,1024,PNG,RGB,mvtec,1.0
141.png,1024,1024,PNG,RGB,mvtec,1.0
169.png,1024,1024,PNG,RGB,mvtec,1.0
145.png,1024,1024,PNG,RGB,mvtec,1.0
151.png,1024,1024,PNG,RGB,mvtec,1.0
179.png,1024,1024,PNG,RGB,mvtec,1.0
186.png,1024,1024,PNG,RGB,mvtec,1.0
192.png,1024,1024,PNG,RGB,mvtec,1.0
031.png,1024,1024,PNG,RGB,mvtec,1.0
025.png,1024,1024,PNG,RGB,mvtec,1.0
019.png,1024,1024,PNG,RGB,mvtec,1.0
018.png,1024,1024,PNG,RGB,mvtec,1.0
024.png,1024,1024,PNG,RGB,mvtec,1.0
030.png,1024,1024,PNG,RGB,mvtec,1.0
193.png,1024,1024,PNG,RGB,mvtec,1.0
187.png,1024,1024,PNG,RGB,mvtec,1.0
178.png,1024,1024,PNG,RGB,mvtec,1.0
150.png,1024,1024,PNG,RGB,mvtec,1.0
144.png,1024,1024,PNG,RGB,mvtec,1.0
152.png,1024,1024,PNG,RGB,mvtec,1.0
146.png,1024,1024,PNG,RGB,mvtec,1.0
191.png,1024,1024,PNG,RGB,mvtec,1.0
185.png,1024,1024,PNG,RGB,mvtec,1.0
026.png,1024,1024,PNG,RGB,mvtec,1.0
032.png,1024,1024,PNG,RGB,mvtec,1.0
033.png,1024,1024,PNG,RGB,mvtec,1.0
027.png,1024,1024,PNG,RGB,mvtec,1.0
184.png,1024,1024,PNG,RGB,mvtec,1.0
190.png,1024,1024,PNG,RGB,mvtec,1.0
147.png,1024,1024,PNG,RGB,mvtec,1.0
153.png,1024,1024,PNG,RGB,mvtec,1.0
002-4.png,1024,1024,PNG,RGB,mvtec,1.0
003-4.png,1024,1024,PNG,RGB,mvtec,1.0
001-4.png,1024,1024,PNG,RGB,mvtec,1.0
000-4.png,1024,1024,PNG,RGB,mvtec,1.0
004-4.png,1024,1024,PNG,RGB,mvtec,1.0
005-4.png,1024,1024,PNG,RGB,mvtec,1.0
007-4.png,1024,1024,PNG,RGB,mvtec,1.0
006-4.png,1024,1024,PNG,RGB,mvtec,1.0
008-4.png,1024,1024,PNG,RGB,mvtec,1.0
009-4.png,1024,1024,PNG,RGB,mvtec,1.0
002-6.png,1024,1024,PNG,RGB,mvtec,1.0
016-2.png,1024,1024,PNG,RGB,mvtec,1.0
017-2.png,1024,1024,PNG,RGB,mvtec,1.0
003-6.png,1024,1024,PNG,RGB,mvtec,1.0
029-2.png,1024,1024,PNG,RGB,mvtec,1.0
015-2.png,1024,1024,PNG,RGB,mvtec,1.0
001-6.png,1024,1024,PNG,RGB,mvtec,1.0
000-6.png,1024,1024,PNG,RGB,mvtec,1.0
014-2.png,1024,1024,PNG,RGB,mvtec,1.0
028-2.png,1024,1024,PNG,RGB,mvtec,1.0
010-2.png,1024,1024,PNG,RGB,mvtec,1.0
004-6.png,1024,1024,PNG,RGB,mvtec,1.0
038-2.png,1024,1024,PNG,RGB,mvtec,1.0
039-2.png,1024,1024,PNG,RGB,mvtec,1.0
005-6.png,1024,1024,PNG,RGB,mvtec,1.0
011-2.png,1024,1024,PNG,RGB,mvtec,1.0
007-6.png,1024,1024,PNG,RGB,mvtec,1.0
013-2.png,1024,1024,PNG,RGB,mvtec,1.0
012-2.png,1024,1024,PNG,RGB,mvtec,1.0
006-6.png,1024,1024,PNG,RGB,mvtec,1.0
049-2.png,1024,1024,PNG,RGB,mvtec,1.0
048-2.png,1024,1024,PNG,RGB,mvtec,1.0
058-2.png,1024,1024,PNG,RGB,mvtec,1.0
059-2.png,1024,1024,PNG,RGB,mvtec,1.0
040-2.png,1024,1024,PNG,RGB,mvtec,1.0
054-2.png,1024,1024,PNG,RGB,mvtec,1.0
055-2.png,1024,1024,PNG,RGB,mvtec,1.0
041-2.png,1024,1024,PNG,RGB,mvtec,1.0
057-2.png,1024,1024,PNG,RGB,mvtec,1.0
043-2.png,1024,1024,PNG,RGB,mvtec,1.0
042-2.png,1024,1024,PNG,RGB,mvtec,1.0
056-2.png,1024,1024,PNG,RGB,mvtec,1.0
052-2.png,1024,1024,PNG,RGB,mvtec,1.0
046-2.png,1024,1024,PNG,RGB,mvtec,1.0
047-2.png,1024,1024,PNG,RGB,mvtec,1.0
053-2.png,1024,1024,PNG,RGB,mvtec,1.0
045-2.png,1024,1024,PNG,RGB,mvtec,1.0
051-2.png,1024,1024,PNG,RGB,mvtec,1.0
050-2.png,1024,1024,PNG,RGB,mvtec,1.0
044-2.png,1024,1024,PNG,RGB,mvtec,1.0
023-2.png,1024,1024,PNG,RGB,mvtec,1.0
037-2.png,1024,1024,PNG,RGB,mvtec,1.0
036-2.png,1024,1024,PNG,RGB,mvtec,1.0
022-2.png,1024,1024,PNG,RGB,mvtec,1.0
008-6.png,1024,1024,PNG,RGB,mvtec,1.0
034-2.png,1024,1024,PNG,RGB,mvtec,1.0
020-2.png,1024,1024,PNG,RGB,mvtec,1.0
021-2.png,1024,1024,PNG,RGB,mvtec,1.0
035-2.png,1024,1024,PNG,RGB,mvtec,1.0
009-6.png,1024,1024,PNG,RGB,mvtec,1.0
031-2.png,1024,1024,PNG,RGB,mvtec,1.0
025-2.png,1024,1024,PNG,RGB,mvtec,1.0
019-2.png,1024,1024,PNG,RGB,mvtec,1.0
018-2.png,1024,1024,PNG,RGB,mvtec,1.0
024-2.png,1024,1024,PNG,RGB,mvtec,1.0
030-2.png,1024,1024,PNG,RGB,mvtec,1.0
026-2.png,1024,1024,PNG,RGB,mvtec,1.0
032-2.png,1024,1024,PNG,RGB,mvtec,1.0
033-2.png,1024,1024,PNG,RGB,mvtec,1.0
027-2.png,1024,1024,PNG,RGB,mvtec,1.0
176-3.png,1000,1000,PNG,RGB,mvtec,1.0
162-3.png,1000,1000,PNG,RGB,mvtec,1.0
189-3.png,1000,1000,PNG,RGB,mvtec,1.0
002-14.png,1000,1000,PNG,RGB,mvtec,1.0
016-6.png,1000,1000,PNG,RGB,mvtec,1.0
200-3.png,1000,1000,PNG,RGB,mvtec,1.0
214-2.png,1000,1000,PNG,RGB,mvtec,1.0
215-2.png,1000,1000,PNG,RGB,mvtec,1.0
201-3.png,1000,1000,PNG,RGB,mvtec,1.0
017-6.png,1000,1000,PNG,RGB,mvtec,1.0
003-14.png,1000,1000,PNG,RGB,mvtec,1.0
188-3.png,1000,1000,PNG,RGB,mvtec,1.0
163-3.png,1000,1000,PNG,RGB,mvtec,1.0
177-3.png,1000,1000,PNG,RGB,mvtec,1.0
149-3.png,1000,1000,PNG,RGB,mvtec,1.0
161-3.png,1000,1000,PNG,RGB,mvtec,1.0
175-3.png,1000,1000,PNG,RGB,mvtec,1.0
029-4.png,1000,1000,PNG,RGB,mvtec,1.0
015-6.png,1000,1000,PNG,RGB,mvtec,1.0
001-14.png,1000,1000,PNG,RGB,mvtec,1.0
217-2.png,1000,1000,PNG,RGB,mvtec,1.0
203-3.png,1000,1000,PNG,RGB,mvtec,1.0
202-3.png,1000,1000,PNG,RGB,mvtec,1.0
216-2.png,1000,1000,PNG,RGB,mvtec,1.0
000-14.png,1000,1000,PNG,RGB,mvtec,1.0
014-6.png,1000,1000,PNG,RGB,mvtec,1.0
028-4.png,1000,1000,PNG,RGB,mvtec,1.0
174-3.png,1000,1000,PNG,RGB,mvtec,1.0
160-3.png,1000,1000,PNG,RGB,mvtec,1.0
148-3.png,1000,1000,PNG,RGB,mvtec,1.0
164-3.png,1000,1000,PNG,RGB,mvtec,1.0
170-3.png,1000,1000,PNG,RGB,mvtec,1.0
158-3.png,1000,1000,PNG,RGB,mvtec,1.0
010-7.png,1000,1000,PNG,RGB,mvtec,1.0
004-14.png,1000,1000,PNG,RGB,mvtec,1.0
038-4.png,1000,1000,PNG,RGB,mvtec,1.0
212-3.png,1000,1000,PNG,RGB,mvtec,1.0
206-3.png,1000,1000,PNG,RGB,mvtec,1.0
207-3.png,1000,1000,PNG,RGB,mvtec,1.0
213-2.png,1000,1000,PNG,RGB,mvtec,1.0
039-4.png,1000,1000,PNG,RGB,mvtec,1.0
005-14.png,1000,1000,PNG,RGB,mvtec,1.0
011-6.png,1000,1000,PNG,RGB,mvtec,1.0
159-3.png,1000,1000,PNG,RGB,mvtec,1.0
171-3.png,1000,1000,PNG,RGB,mvtec,1.0
165-3.png,1000,1000,PNG,RGB,mvtec,1.0
173-3.png,1000,1000,PNG,RGB,mvtec,1.0
167-3.png,1000,1000,PNG,RGB,mvtec,1.0
198-3.png,1000,1000,PNG,RGB,mvtec,1.0
007-14.png,1000,1000,PNG,RGB,mvtec,1.0
013-6.png,1000,1000,PNG,RGB,mvtec,1.0
205-3.png,1000,1000,PNG,RGB,mvtec,1.0
211-3.png,1000,1000,PNG,RGB,mvtec,1.0
210-3.png,1000,1000,PNG,RGB,mvtec,1.0
204-3.png,1000,1000,PNG,RGB,mvtec,1.0
012-6.png,1000,1000,PNG,RGB,mvtec,1.0
006-14.png,1000,1000,PNG,RGB,mvtec,1.0
199-3.png,1000,1000,PNG,RGB,mvtec,1.0
166-3.png,1000,1000,PNG,RGB,mvtec,1.0
172-3.png,1000,1000,PNG,RGB,mvtec,1.0
129-3.png,1000,1000,PNG,RGB,mvtec,1.0
115-3.png,1000,1000,PNG,RGB,mvtec,1.0
101-3.png,1000,1000,PNG,RGB,mvtec,1.0
049-4.png,1000,1000,PNG,RGB,mvtec,1.0
061-3.png,1000,1000,PNG,RGB,mvtec,1.0
075-3.png,1000,1000,PNG,RGB,mvtec,1.0
074-3.png,1000,1000,PNG,RGB,mvtec,1.0
060-3.png,1000,1000,PNG,RGB,mvtec,1.0
048-4.png,1000,1000,PNG,RGB,mvtec,1.0
100-3.png,1000,1000,PNG,RGB,mvtec,1.0
114-3.png,1000,1000,PNG,RGB,mvtec,1.0
128-3.png,1000,1000,PNG,RGB,mvtec,1.0
102-3.png,1000,1000,PNG,RGB,mvtec,1.0
116-3.png,1000,1000,PNG,RGB,mvtec,1.0
076-3.png,1000,1000,PNG,RGB,mvtec,1.0
062-3.png,1000,1000,PNG,RGB,mvtec,1.0
089-3.png,1000,1000,PNG,RGB,mvtec,1.0
088-3.png,1000,1000,PNG,RGB,mvtec,1.0
063-3.png,1000,1000,PNG,RGB,mvtec,1.0
077-3.png,1000,1000,PNG,RGB,mvtec,1.0
117-3.png,1000,1000,PNG,RGB,mvtec,1.0
103-3.png,1000,1000,PNG,RGB,mvtec,1.0
107-3.png,1000,1000,PNG,RGB,mvtec,1.0
113-3.png,1000,1000,PNG,RGB,mvtec,1.0
073-3.png,1000,1000,PNG,RGB,mvtec,1.0
067-3.png,1000,1000,PNG,RGB,mvtec,1.0
098-3.png,1000,1000,PNG,RGB,mvtec,1.0
099-3.png,1000,1000,PNG,RGB,mvtec,1.0
066-3.png,1000,1000,PNG,RGB,mvtec,1.0
072-3.png,1000,1000,PNG,RGB,mvtec,1.0
112-3.png,1000,1000,PNG,RGB,mvtec,1.0
106-3.png,1000,1000,PNG,RGB,mvtec,1.0
110-3.png,1000,1000,PNG,RGB,mvtec,1.0
104-3.png,1000,1000,PNG,RGB,mvtec,1.0
138-3.png,1000,1000,PNG,RGB,mvtec,1.0
064-3.png,1000,1000,PNG,RGB,mvtec,1.0
070-3.png,1000,1000,PNG,RGB,mvtec,1.0
058-4.png,1000,1000,PNG,RGB,mvtec,1.0
059-4.png,1000,1000,PNG,RGB,mvtec,1.0
071-3.png,1000,1000,PNG,RGB,mvtec,1.0
065-3.png,1000,1000,PNG,RGB,mvtec,1.0
139-3.png,1000,1000,PNG,RGB,mvtec,1.0
105-3.png,1000,1000,PNG,RGB,mvtec,1.0
111-3.png,1000,1000,PNG,RGB,mvtec,1.0
108-3.png,1000,1000,PNG,RGB,mvtec,1.0
134-3.png,1000,1000,PNG,RGB,mvtec,1.0
120-3.png,1000,1000,PNG,RGB,mvtec,1.0
068-3.png,1000,1000,PNG,RGB,mvtec,1.0
040-4.png,1000,1000,PNG,RGB,mvtec,1.0
054-4.png,1000,1000,PNG,RGB,mvtec,1.0
083-3.png,1000,1000,PNG,RGB,mvtec,1.0
097-3.png,1000,1000,PNG,RGB,mvtec,1.0
096-3.png,1000,1000,PNG,RGB,mvtec,1.0
082-3.png,1000,1000,PNG,RGB,mvtec,1.0
055-4.png,1000,1000,PNG,RGB,mvtec,1.0
041-4.png,1000,1000,PNG,RGB,mvtec,1.0
069-3.png,1000,1000,PNG,RGB,mvtec,1.0
121-3.png,1000,1000,PNG,RGB,mvtec,1.0
135-3.png,1000,1000,PNG,RGB,mvtec,1.0
109-3.png,1000,1000,PNG,RGB,mvtec,1.0
123-3.png,1000,1000,PNG,RGB,mvtec,1.0
137-3.png,1000,1000,PNG,RGB,mvtec,1.0
057-4.png,1000,1000,PNG,RGB,mvtec,1.0
043-4.png,1000,1000,PNG,RGB,mvtec,1.0
094-3.png,1000,1000,PNG,RGB,mvtec,1.0
080-3.png,1000,1000,PNG,RGB,mvtec,1.0
081-3.png,1000,1000,PNG,RGB,mvtec,1.0
095-3.png,1000,1000,PNG,RGB,mvtec,1.0
042-4.png,1000,1000,PNG,RGB,mvtec,1.0
056-4.png,1000,1000,PNG,RGB,mvtec,1.0
136-3.png,1000,1000,PNG,RGB,mvtec,1.0
122-3.png,1000,1000,PNG,RGB,mvtec,1.0
126-3.png,1000,1000,PNG,RGB,mvtec,1.0
132-3.png,1000,1000,PNG,RGB,mvtec,1.0
052-4.png,1000,1000,PNG,RGB,mvtec,1.0
046-4.png,1000,1000,PNG,RGB,mvtec,1.0
091-3.png,1000,1000,PNG,RGB,mvtec,1.0
085-3.png,1000,1000,PNG,RGB,mvtec,1.0
084-3.png,1000,1000,PNG,RGB,mvtec,1.0
090-3.png,1000,1000,PNG,RGB,mvtec,1.0
047-4.png,1000,1000,PNG,RGB,mvtec,1.0
053-4.png,1000,1000,PNG,RGB,mvtec,1.0
133-3.png,1000,1000,PNG,RGB,mvtec,1.0
127-3.png,1000,1000,PNG,RGB,mvtec,1.0
131-3.png,1000,1000,PNG,RGB,mvtec,1.0
125-3.png,1000,1000,PNG,RGB,mvtec,1.0
119-3.png,1000,1000,PNG,RGB,mvtec,1.0
045-4.png,1000,1000,PNG,RGB,mvtec,1.0
051-4.png,1000,1000,PNG,RGB,mvtec,1.0
079-3.png,1000,1000,PNG,RGB,mvtec,1.0
086-3.png,1000,1000,PNG,RGB,mvtec,1.0
092-3.png,1000,1000,PNG,RGB,mvtec,1.0
093-3.png,1000,1000,PNG,RGB,mvtec,1.0
087-3.png,1000,1000,PNG,RGB,mvtec,1.0
078-3.png,1000,1000,PNG,RGB,mvtec,1.0
050-4.png,1000,1000,PNG,RGB,mvtec,1.0
044-4.png,1000,1000,PNG,RGB,mvtec,1.0
118-3.png,1000,1000,PNG,RGB,mvtec,1.0
124-3.png,1000,1000,PNG,RGB,mvtec,1.0
130-3.png,1000,1000,PNG,RGB,mvtec,1.0
157-3.png,1000,1000,PNG,RGB,mvtec,1.0
143-3.png,1000,1000,PNG,RGB,mvtec,1.0
194-3.png,1000,1000,PNG,RGB,mvtec,1.0
180-3.png,1000,1000,PNG,RGB,mvtec,1.0
023-4.png,1000,1000,PNG,RGB,mvtec,1.0
037-4.png,1000,1000,PNG,RGB,mvtec,1.0
209-3.png,1000,1000,PNG,RGB,mvtec,1.0
208-3.png,1000,1000,PNG,RGB,mvtec,1.0
036-4.png,1000,1000,PNG,RGB,mvtec,1.0
022-4.png,1000,1000,PNG,RGB,mvtec,1.0
181-3.png,1000,1000,PNG,RGB,mvtec,1.0
195-3.png,1000,1000,PNG,RGB,mvtec,1.0
142-3.png,1000,1000,PNG,RGB,mvtec,1.0
156-3.png,1000,1000,PNG,RGB,mvtec,1.0
168-3.png,1000,1000,PNG,RGB,mvtec,1.0
140-3.png,1000,1000,PNG,RGB,mvtec,1.0
154-3.png,1000,1000,PNG,RGB,mvtec,1.0
183-3.png,1000,1000,PNG,RGB,mvtec,1.0
197-3.png,1000,1000,PNG,RGB,mvtec,1.0
008-13.png,1000,1000,PNG,RGB,mvtec,1.0
034-4.png,1000,1000,PNG,RGB,mvtec,1.0
020-5.png,1000,1000,PNG,RGB,mvtec,1.0
021-4.png,1000,1000,PNG,RGB,mvtec,1.0
035-4.png,1000,1000,PNG,RGB,mvtec,1.0
009-13.png,1000,1000,PNG,RGB,mvtec,1.0
196-3.png,1000,1000,PNG,RGB,mvtec,1.0
182-3.png,1000,1000,PNG,RGB,mvtec,1.0
155-3.png,1000,1000,PNG,RGB,mvtec,1.0
141-3.png,1000,1000,PNG,RGB,mvtec,1.0
169-3.png,1000,1000,PNG,RGB,mvtec,1.0
145-3.png,1000,1000,PNG,RGB,mvtec,1.0
151-3.png,1000,1000,PNG,RGB,mvtec,1.0
179-3.png,1000,1000,PNG,RGB,mvtec,1.0
186-3.png,1000,1000,PNG,RGB,mvtec,1.0
192-3.png,1000,1000,PNG,RGB,mvtec,1.0
031-4.png,1000,1000,PNG,RGB,mvtec,1.0
025-4.png,1000,1000,PNG,RGB,mvtec,1.0
019-5.png,1000,1000,PNG,RGB,mvtec,1.0
018-6.png,1000,1000,PNG,RGB,mvtec,1.0
024-4.png,1000,1000,PNG,RGB,mvtec,1.0
030-4.png,1000,1000,PNG,RGB,mvtec,1.0
193-3.png,1000,1000,PNG,RGB,mvtec,1.0
187-3.png,1000,1000,PNG,RGB,mvtec,1.0
178-3.png,1000,1000,PNG,RGB,mvtec,1.0
150-3.png,1000,1000,PNG,RGB,mvtec,1.0
144-3.png,1000,1000,PNG,RGB,mvtec,1.0
152-3.png,1000,1000,PNG,RGB,mvtec,1.0
146-3.png,1000,1000,PNG,RGB,mvtec,1.0
191-3.png,1000,1000,PNG,RGB,mvtec,1.0
185-3.png,1000,1000,PNG,RGB,mvtec,1.0
026-4.png,1000,1000,PNG,RGB,mvtec,1.0
032-4.png,1000,1000,PNG,RGB,mvtec,1.0
218-2.png,1000,1000,PNG,RGB,mvtec,1.0
033-4.png,1000,1000,PNG,RGB,mvtec,1.0
027-4.png,1000,1000,PNG,RGB,mvtec,1.0
184-3.png,1000,1000,PNG,RGB,mvtec,1.0
190-3.png,1000,1000,PNG,RGB,mvtec,1.0
147-3.png,1000,1000,PNG,RGB,mvtec,1.0
153-3.png,1000,1000,PNG,RGB,mvtec,1.0
002-15.png,1000,1000,PNG,RGB,mvtec,1.0
016-7.png,1000,1000,PNG,RGB,mvtec,1.0
017-7.png,1000,1000,PNG,RGB,mvtec,1.0
003-15.png,1000,1000,PNG,RGB,mvtec,1.0
015-7.png,1000,1000,PNG,RGB,mvtec,1.0
001-15.png,1000,1000,PNG,RGB,mvtec,1.0
000-15.png,1000,1000,PNG,RGB,mvtec,1.0
014-7.png,1000,1000,PNG,RGB,mvtec,1.0
010-8.png,1000,1000,PNG,RGB,mvtec,1.0
004-15.png,1000,1000,PNG,RGB,mvtec,1.0
005-15.png,1000,1000,PNG,RGB,mvtec,1.0
011-7.png,1000,1000,PNG,RGB,mvtec,1.0
007-15.png,1000,1000,PNG,RGB,mvtec,1.0
013-7.png,1000,1000,PNG,RGB,mvtec,1.0
012-7.png,1000,1000,PNG,RGB,mvtec,1.0
006-15.png,1000,1000,PNG,RGB,mvtec,1.0
022-5.png,1000,1000,PNG,RGB,mvtec,1.0
008-14.png,1000,1000,PNG,RGB,mvtec,1.0
020-6.png,1000,1000,PNG,RGB,mvtec,1.0
021-5.png,1000,1000,PNG,RGB,mvtec,1.0
009-14.png,1000,1000,PNG,RGB,mvtec,1.0
019-6.png,1000,1000,PNG,RGB,mvtec,1.0
018-7.png,1000,1000,PNG,RGB,mvtec,1.0
002-16.png,1000,1000,PNG,RGB,mvtec,1.0
016-8.png,1000,1000,PNG,RGB,mvtec,1.0
017-8.png,1000,1000,PNG,RGB,mvtec,1.0
003-16.png,1000,1000,PNG,RGB,mvtec,1.0
015-8.png,1000,1000,PNG,RGB,mvtec,1.0
001-16.png,1000,1000,PNG,RGB,mvtec,1.0
000-16.png,1000,1000,PNG,RGB,mvtec,1.0
014-8.png,1000,1000,PNG,RGB,mvtec,1.0
010-9.png,1000,1000,PNG,RGB,mvtec,1.0
004-16.png,1000,1000,PNG,RGB,mvtec,1.0
005-16.png,1000,1000,PNG,RGB,mvtec,1.0
011-8.png,1000,1000,PNG,RGB,mvtec,1.0
007-16.png,1000,1000,PNG,RGB,mvtec,1.0
013-8.png,1000,1000,PNG,RGB,mvtec,1.0
012-8.png,1000,1000,PNG,RGB,mvtec,1.0
006-16.png,1000,1000,PNG,RGB,mvtec,1.0
022-6.png,1000,1000,PNG,RGB,mvtec,1.0
008-15.png,1000,1000,PNG,RGB,mvtec,1.0
020-7.png,1000,1000,PNG,RGB,mvtec,1.0
021-6.png,1000,1000,PNG,RGB,mvtec,1.0
009-15.png,1000,1000,PNG,RGB,mvtec,1.0
019-7.png,1000,1000,PNG,RGB,mvtec,1.0
018-8.png,1000,1000,PNG,RGB,mvtec,1.0
002-18.png,1000,1000,PNG,RGB,mvtec,1.0
016-10.png,1000,1000,PNG,RGB,mvtec,1.0
017-10.png,1000,1000,PNG,RGB,mvtec,1.0
003-18.png,1000,1000,PNG,RGB,mvtec,1.0
015-10.png,1000,1000,PNG,RGB,mvtec,1.0
001-18.png,1000,1000,PNG,RGB,mvtec,1.0
000-18.png,1000,1000,PNG,RGB,mvtec,1.0
014-10.png,1000,1000,PNG,RGB,mvtec,1.0
010-11.png,1000,1000,PNG,RGB,mvtec,1.0
004-18.png,1000,1000,PNG,RGB,mvtec,1.0
005-18.png,1000,1000,PNG,RGB,mvtec,1.0
011-10.png,1000,1000,PNG,RGB,mvtec,1.0
007-18.png,1000,1000,PNG,RGB,mvtec,1.0
013-10.png,1000,1000,PNG,RGB,mvtec,1.0
012-10.png,1000,1000,PNG,RGB,mvtec,1.0
006-18.png,1000,1000,PNG,RGB,mvtec,1.0
022-7.png,1000,1000,PNG,RGB,mvtec,1.0
008-17.png,1000,1000,PNG,RGB,mvtec,1.0
020-9.png,1000,1000,PNG,RGB,mvtec,1.0
021-7.png,1000,1000,PNG,RGB,mvtec,1.0
009-17.png,1000,1000,PNG,RGB,mvtec,1.0
019-9.png,1000,1000,PNG,RGB,mvtec,1.0
018-10.png,1000,1000,PNG,RGB,mvtec,1.0
176-4.png,700,700,PNG,RGB,mvtec,1.0
162-4.png,700,700,PNG,RGB,mvtec,1.0
189-4.png,700,700,PNG,RGB,mvtec,1.0
002-21.png,700,700,PNG,RGB,mvtec,1.0
016-13.png,700,700,PNG,RGB,mvtec,1.0
200-4.png,700,700,PNG,RGB,mvtec,1.0
214-3.png,700,700,PNG,RGB,mvtec,1.0
215-3.png,700,700,PNG,RGB,mvtec,1.0
201-4.png,700,700,PNG,RGB,mvtec,1.0
017-13.png,700,700,PNG,RGB,mvtec,1.0
003-21.png,700,700,PNG,RGB,mvtec,1.0
188-4.png,700,700,PNG,RGB,mvtec,1.0
163-4.png,700,700,PNG,RGB,mvtec,1.0
177-4.png,700,700,PNG,RGB,mvtec,1.0
149-4.png,700,700,PNG,RGB,mvtec,1.0
161-4.png,700,700,PNG,RGB,mvtec,1.0
175-4.png,700,700,PNG,RGB,mvtec,1.0
029-5.png,700,700,PNG,RGB,mvtec,1.0
015-13.png,700,700,PNG,RGB,mvtec,1.0
001-21.png,700,700,PNG,RGB,mvtec,1.0
217-3.png,700,700,PNG,RGB,mvtec,1.0
203-4.png,700,700,PNG,RGB,mvtec,1.0
202-4.png,700,700,PNG,RGB,mvtec,1.0
216-3.png,700,700,PNG,RGB,mvtec,1.0
000-21.png,700,700,PNG,RGB,mvtec,1.0
014-13.png,700,700,PNG,RGB,mvtec,1.0
028-5.png,700,700,PNG,RGB,mvtec,1.0
174-4.png,700,700,PNG,RGB,mvtec,1.0
160-4.png,700,700,PNG,RGB,mvtec,1.0
148-4.png,700,700,PNG,RGB,mvtec,1.0
164-4.png,700,700,PNG,RGB,mvtec,1.0
170-4.png,700,700,PNG,RGB,mvtec,1.0
158-4.png,700,700,PNG,RGB,mvtec,1.0
010-14.png,700,700,PNG,RGB,mvtec,1.0
004-21.png,700,700,PNG,RGB,mvtec,1.0
038-5.png,700,700,PNG,RGB,mvtec,1.0
212-4.png,700,700,PNG,RGB,mvtec,1.0
206-4.png,700,700,PNG,RGB,mvtec,1.0
207-4.png,700,700,PNG,RGB,mvtec,1.0
213-3.png,700,700,PNG,RGB,mvtec,1.0
039-5.png,700,700,PNG,RGB,mvtec,1.0
005-21.png,700,700,PNG,RGB,mvtec,1.0
011-13.png,700,700,PNG,RGB,mvtec,1.0
159-4.png,700,700,PNG,RGB,mvtec,1.0
171-4.png,700,700,PNG,RGB,mvtec,1.0
165-4.png,700,700,PNG,RGB,mvtec,1.0
173-4.png,700,700,PNG,RGB,mvtec,1.0
167-4.png,700,700,PNG,RGB,mvtec,1.0
198-4.png,700,700,PNG,RGB,mvtec,1.0
007-21.png,700,700,PNG,RGB,mvtec,1.0
013-13.png,700,700,PNG,RGB,mvtec,1.0
205-4.png,700,700,PNG,RGB,mvtec,1.0
211-4.png,700,700,PNG,RGB,mvtec,1.0
210-4.png,700,700,PNG,RGB,mvtec,1.0
204-4.png,700,700,PNG,RGB,mvtec,1.0
012-13.png,700,700,PNG,RGB,mvtec,1.0
006-21.png,700,700,PNG,RGB,mvtec,1.0
199-4.png,700,700,PNG,RGB,mvtec,1.0
166-4.png,700,700,PNG,RGB,mvtec,1.0
172-4.png,700,700,PNG,RGB,mvtec,1.0
129-4.png,700,700,PNG,RGB,mvtec,1.0
115-4.png,700,700,PNG,RGB,mvtec,1.0
101-4.png,700,700,PNG,RGB,mvtec,1.0
049-5.png,700,700,PNG,RGB,mvtec,1.0
061-4.png,700,700,PNG,RGB,mvtec,1.0
075-4.png,700,700,PNG,RGB,mvtec,1.0
074-4.png,700,700,PNG,RGB,mvtec,1.0
060-4.png,700,700,PNG,RGB,mvtec,1.0
048-5.png,700,700,PNG,RGB,mvtec,1.0
100-4.png,700,700,PNG,RGB,mvtec,1.0
114-4.png,700,700,PNG,RGB,mvtec,1.0
128-4.png,700,700,PNG,RGB,mvtec,1.0
102-4.png,700,700,PNG,RGB,mvtec,1.0
116-4.png,700,700,PNG,RGB,mvtec,1.0
076-4.png,700,700,PNG,RGB,mvtec,1.0
062-4.png,700,700,PNG,RGB,mvtec,1.0
089-4.png,700,700,PNG,RGB,mvtec,1.0
088-4.png,700,700,PNG,RGB,mvtec,1.0
063-4.png,700,700,PNG,RGB,mvtec,1.0
077-4.png,700,700,PNG,RGB,mvtec,1.0
117-4.png,700,700,PNG,RGB,mvtec,1.0
103-4.png,700,700,PNG,RGB,mvtec,1.0
107-4.png,700,700,PNG,RGB,mvtec,1.0
113-4.png,700,700,PNG,RGB,mvtec,1.0
073-4.png,700,700,PNG,RGB,mvtec,1.0
067-4.png,700,700,PNG,RGB,mvtec,1.0
098-4.png,700,700,PNG,RGB,mvtec,1.0
099-4.png,700,700,PNG,RGB,mvtec,1.0
066-4.png,700,700,PNG,RGB,mvtec,1.0
072-4.png,700,700,PNG,RGB,mvtec,1.0
112-4.png,700,700,PNG,RGB,mvtec,1.0
106-4.png,700,700,PNG,RGB,mvtec,1.0
110-4.png,700,700,PNG,RGB,mvtec,1.0
104-4.png,700,700,PNG,RGB,mvtec,1.0
138-4.png,700,700,PNG,RGB,mvtec,1.0
064-4.png,700,700,PNG,RGB,mvtec,1.0
070-4.png,700,700,PNG,RGB,mvtec,1.0
058-5.png,700,700,PNG,RGB,mvtec,1.0
059-5.png,700,700,PNG,RGB,mvtec,1.0
071-4.png,700,700,PNG,RGB,mvtec,1.0
065-4.png,700,700,PNG,RGB,mvtec,1.0
139-4.png,700,700,PNG,RGB,mvtec,1.0
105-4.png,700,700,PNG,RGB,mvtec,1.0
111-4.png,700,700,PNG,RGB,mvtec,1.0
108-4.png,700,700,PNG,RGB,mvtec,1.0
134-4.png,700,700,PNG,RGB,mvtec,1.0
120-4.png,700,700,PNG,RGB,mvtec,1.0
068-4.png,700,700,PNG,RGB,mvtec,1.0
040-5.png,700,700,PNG,RGB,mvtec,1.0
054-5.png,700,700,PNG,RGB,mvtec,1.0
083-4.png,700,700,PNG,RGB,mvtec,1.0
097-4.png,700,700,PNG,RGB,mvtec,1.0
096-4.png,700,700,PNG,RGB,mvtec,1.0
082-4.png,700,700,PNG,RGB,mvtec,1.0
055-5.png,700,700,PNG,RGB,mvtec,1.0
041-5.png,700,700,PNG,RGB,mvtec,1.0
069-4.png,700,700,PNG,RGB,mvtec,1.0
121-4.png,700,700,PNG,RGB,mvtec,1.0
135-4.png,700,700,PNG,RGB,mvtec,1.0
109-4.png,700,700,PNG,RGB,mvtec,1.0
123-4.png,700,700,PNG,RGB,mvtec,1.0
137-4.png,700,700,PNG,RGB,mvtec,1.0
057-5.png,700,700,PNG,RGB,mvtec,1.0
043-5.png,700,700,PNG,RGB,mvtec,1.0
094-4.png,700,700,PNG,RGB,mvtec,1.0
080-4.png,700,700,PNG,RGB,mvtec,1.0
081-4.png,700,700,PNG,RGB,mvtec,1.0
095-4.png,700,700,PNG,RGB,mvtec,1.0
042-5.png,700,700,PNG,RGB,mvtec,1.0
056-5.png,700,700,PNG,RGB,mvtec,1.0
136-4.png,700,700,PNG,RGB,mvtec,1.0
122-4.png,700,700,PNG,RGB,mvtec,1.0
126-4.png,700,700,PNG,RGB,mvtec,1.0
132-4.png,700,700,PNG,RGB,mvtec,1.0
052-5.png,700,700,PNG,RGB,mvtec,1.0
046-5.png,700,700,PNG,RGB,mvtec,1.0
091-4.png,700,700,PNG,RGB,mvtec,1.0
085-4.png,700,700,PNG,RGB,mvtec,1.0
084-4.png,700,700,PNG,RGB,mvtec,1.0
090-4.png,700,700,PNG,RGB,mvtec,1.0
047-5.png,700,700,PNG,RGB,mvtec,1.0
053-5.png,700,700,PNG,RGB,mvtec,1.0
133-4.png,700,700,PNG,RGB,mvtec,1.0
127-4.png,700,700,PNG,RGB,mvtec,1.0
131-4.png,700,700,PNG,RGB,mvtec,1.0
125-4.png,700,700,PNG,RGB,mvtec,1.0
119-4.png,700,700,PNG,RGB,mvtec,1.0
045-5.png,700,700,PNG,RGB,mvtec,1.0
051-5.png,700,700,PNG,RGB,mvtec,1.0
079-4.png,700,700,PNG,RGB,mvtec,1.0
086-4.png,700,700,PNG,RGB,mvtec,1.0
092-4.png,700,700,PNG,RGB,mvtec,1.0
093-4.png,700,700,PNG,RGB,mvtec,1.0
087-4.png,700,700,PNG,RGB,mvtec,1.0
078-4.png,700,700,PNG,RGB,mvtec,1.0
050-5.png,700,700,PNG,RGB,mvtec,1.0
044-5.png,700,700,PNG,RGB,mvtec,1.0
118-4.png,700,700,PNG,RGB,mvtec,1.0
124-4.png,700,700,PNG,RGB,mvtec,1.0
130-4.png,700,700,PNG,RGB,mvtec,1.0
157-4.png,700,700,PNG,RGB,mvtec,1.0
143-4.png,700,700,PNG,RGB,mvtec,1.0
194-4.png,700,700,PNG,RGB,mvtec,1.0
180-4.png,700,700,PNG,RGB,mvtec,1.0
023-5.png,700,700,PNG,RGB,mvtec,1.0
037-5.png,700,700,PNG,RGB,mvtec,1.0
209-4.png,700,700,PNG,RGB,mvtec,1.0
208-4.png,700,700,PNG,RGB,mvtec,1.0
036-5.png,700,700,PNG,RGB,mvtec,1.0
022-8.png,700,700,PNG,RGB,mvtec,1.0
181-4.png,700,700,PNG,RGB,mvtec,1.0
195-4.png,700,700,PNG,RGB,mvtec,1.0
142-4.png,700,700,PNG,RGB,mvtec,1.0
156-4.png,700,700,PNG,RGB,mvtec,1.0
168-4.png,700,700,PNG,RGB,mvtec,1.0
140-4.png,700,700,PNG,RGB,mvtec,1.0
154-4.png,700,700,PNG,RGB,mvtec,1.0
183-4.png,700,700,PNG,RGB,mvtec,1.0
197-4.png,700,700,PNG,RGB,mvtec,1.0
008-20.png,700,700,PNG,RGB,mvtec,1.0
034-5.png,700,700,PNG,RGB,mvtec,1.0
020-11.png,700,700,PNG,RGB,mvtec,1.0
021-9.png,700,700,PNG,RGB,mvtec,1.0
035-5.png,700,700,PNG,RGB,mvtec,1.0
009-20.png,700,700,PNG,RGB,mvtec,1.0
196-4.png,700,700,PNG,RGB,mvtec,1.0
182-4.png,700,700,PNG,RGB,mvtec,1.0
155-4.png,700,700,PNG,RGB,mvtec,1.0
141-4.png,700,700,PNG,RGB,mvtec,1.0
169-4.png,700,700,PNG,RGB,mvtec,1.0
145-4.png,700,700,PNG,RGB,mvtec,1.0
151-4.png,700,700,PNG,RGB,mvtec,1.0
179-4.png,700,700,PNG,RGB,mvtec,1.0
186-4.png,700,700,PNG,RGB,mvtec,1.0
192-4.png,700,700,PNG,RGB,mvtec,1.0
031-5.png,700,700,PNG,RGB,mvtec,1.0
025-5.png,700,700,PNG,RGB,mvtec,1.0
019-12.png,700,700,PNG,RGB,mvtec,1.0
018-13.png,700,700,PNG,RGB,mvtec,1.0
024-5.png,700,700,PNG,RGB,mvtec,1.0
030-5.png,700,700,PNG,RGB,mvtec,1.0
193-4.png,700,700,PNG,RGB,mvtec,1.0
187-4.png,700,700,PNG,RGB,mvtec,1.0
178-4.png,700,700,PNG,RGB,mvtec,1.0
150-4.png,700,700,PNG,RGB,mvtec,1.0
144-4.png,700,700,PNG,RGB,mvtec,1.0
152-4.png,700,700,PNG,RGB,mvtec,1.0
146-4.png,700,700,PNG,RGB,mvtec,1.0
191-4.png,700,700,PNG,RGB,mvtec,1.0
185-4.png,700,700,PNG,RGB,mvtec,1.0
026-5.png,700,700,PNG,RGB,mvtec,1.0
032-5.png,700,700,PNG,RGB,mvtec,1.0
218-3.png,700,700,PNG,RGB,mvtec,1.0
219-2.png,700,700,PNG,RGB,mvtec,1.0
033-5.png,700,700,PNG,RGB,mvtec,1.0
027-5.png,700,700,PNG,RGB,mvtec,1.0
184-4.png,700,700,PNG,RGB,mvtec,1.0
190-4.png,700,700,PNG,RGB,mvtec,1.0
147-4.png,700,700,PNG,RGB,mvtec,1.0
153-4.png,700,700,PNG,RGB,mvtec,1.0
002-24.png,700,700,PNG,RGB,mvtec,1.0
016-16.png,700,700,PNG,RGB,mvtec,1.0
017-16.png,700,700,PNG,RGB,mvtec,1.0
003-24.png,700,700,PNG,RGB,mvtec,1.0
015-16.png,700,700,PNG,RGB,mvtec,1.0
001-24.png,700,700,PNG,RGB,mvtec,1.0
000-24.png,700,700,PNG,RGB,mvtec,1.0
014-16.png,700,700,PNG,RGB,mvtec,1.0
010-17.png,700,700,PNG,RGB,mvtec,1.0
004-24.png,700,700,PNG,RGB,mvtec,1.0
005-24.png,700,700,PNG,RGB,mvtec,1.0
011-16.png,700,700,PNG,RGB,mvtec,1.0
007-24.png,700,700,PNG,RGB,mvtec,1.0
013-16.png,700,700,PNG,RGB,mvtec,1.0
012-16.png,700,700,PNG,RGB,mvtec,1.0
006-24.png,700,700,PNG,RGB,mvtec,1.0
022-10.png,700,700,PNG,RGB,mvtec,1.0
008-23.png,700,700,PNG,RGB,mvtec,1.0
020-14.png,700,700,PNG,RGB,mvtec,1.0
021-12.png,700,700,PNG,RGB,mvtec,1.0
009-23.png,700,700,PNG,RGB,mvtec,1.0
019-15.png,700,700,PNG,RGB,mvtec,1.0
018-16.png,700,700,PNG,RGB,mvtec,1.0
002-25.png,700,700,PNG,RGB,mvtec,1.0
016-17.png,700,700,PNG,RGB,mvtec,1.0
017-17.png,700,700,PNG,RGB,mvtec,1.0
003-25.png,700,700,PNG,RGB,mvtec,1.0
015-17.png,700,700,PNG,RGB,mvtec,1.0
001-25.png,700,700,PNG,RGB,mvtec,1.0
000-25.png,700,700,PNG,RGB,mvtec,1.0
014-17.png,700,700,PNG,RGB,mvtec,1.0
010-18.png,700,700,PNG,RGB,mvtec,1.0
004-25.png,700,700,PNG,RGB,mvtec,1.0
005-25.png,700,700,PNG,RGB,mvtec,1.0
011-17.png,700,700,PNG,RGB,mvtec,1.0
007-25.png,700,700,PNG,RGB,mvtec,1.0
013-17.png,700,700,PNG,RGB,mvtec,1.0
012-17.png,700,700,PNG,RGB,mvtec,1.0
006-25.png,700,700,PNG,RGB,mvtec,1.0
008-24.png,700,700,PNG,RGB,mvtec,1.0
020-15.png,700,700,PNG,RGB,mvtec,1.0
021-13.png,700,700,PNG,RGB,mvtec,1.0
009-24.png,700,700,PNG,RGB,mvtec,1.0
019-16.png,700,700,PNG,RGB,mvtec,1.0
018-17.png,700,700,PNG,RGB,mvtec,1.0
002-26.png,700,700,PNG,RGB,mvtec,1.0
016-18.png,700,700,PNG,RGB,mvtec,1.0
017-18.png,700,700,PNG,RGB,mvtec,1.0
003-26.png,700,700,PNG,RGB,mvtec,1.0
015-18.png,700,700,PNG,RGB,mvtec,1.0
001-26.png,700,700,PNG,RGB,mvtec,1.0
000-26.png,700,700,PNG,RGB,mvtec,1.0
014-18.png,700,700,PNG,RGB,mvtec,1.0
010-19.png,700,700,PNG,RGB,mvtec,1.0
004-26.png,700,700,PNG,RGB,mvtec,1.0
005-26.png,700,700,PNG,RGB,mvtec,1.0
011-18.png,700,700,PNG,RGB,mvtec,1.0
007-26.png,700,700,PNG,RGB,mvtec,1.0
013-18.png,700,700,PNG,RGB,mvtec,1.0
012-18.png,700,700,PNG,RGB,mvtec,1.0
006-26.png,700,700,PNG,RGB,mvtec,1.0
023-6.png,700,700,PNG,RGB,mvtec,1.0
022-11.png,700,700,PNG,RGB,mvtec,1.0
008-25.png,700,700,PNG,RGB,mvtec,1.0
020-16.png,700,700,PNG,RGB,mvtec,1.0
021-14.png,700,700,PNG,RGB,mvtec,1.0
009-25.png,700,700,PNG,RGB,mvtec,1.0
019-17.png,700,700,PNG,RGB,mvtec,1.0
018-18.png,700,700,PNG,RGB,mvtec,1.0
024-6.png,700,700,PNG,RGB,mvtec,1.0
348.png,1024,1024,PNG,RGB,mvtec,1.0
374.png,1024,1024,PNG,RGB,mvtec,1.0
360.png,1024,1024,PNG,RGB,mvtec,1.0
176-8.png,1024,1024,PNG,RGB,mvtec,1.0
162-8.png,1024,1024,PNG,RGB,mvtec,1.0
189-8.png,1024,1024,PNG,RGB,mvtec,1.0
002-52.png,1024,1024,PNG,RGB,mvtec,1.0
016-38.png,1024,1024,PNG,RGB,mvtec,1.0
228-5.png,1024,1024,PNG,RGB,mvtec,1.0
200-8.png,1024,1024,PNG,RGB,mvtec,1.0
214-7.png,1024,1024,PNG,RGB,mvtec,1.0
215-7.png,1024,1024,PNG,RGB,mvtec,1.0
201-8.png,1024,1024,PNG,RGB,mvtec,1.0
229-5.png,1024,1024,PNG,RGB,mvtec,1.0
017-34.png,1024,1024,PNG,RGB,mvtec,1.0
003-52.png,1024,1024,PNG,RGB,mvtec,1.0
188-8.png,1024,1024,PNG,RGB,mvtec,1.0
163-8.png,1024,1024,PNG,RGB,mvtec,1.0
177-8.png,1024,1024,PNG,RGB,mvtec,1.0
361.png,1024,1024,PNG,RGB,mvtec,1.0
375.png,1024,1024,PNG,RGB,mvtec,1.0
349.png,1024,1024,PNG,RGB,mvtec,1.0
363.png,1024,1024,PNG,RGB,mvtec,1.0
377.png,1024,1024,PNG,RGB,mvtec,1.0
388.png,1024,1024,PNG,RGB,mvtec,1.0
149-8.png,1024,1024,PNG,RGB,mvtec,1.0
161-8.png,1024,1024,PNG,RGB,mvtec,1.0
175-8.png,1024,1024,PNG,RGB,mvtec,1.0
029-11.png,1024,1024,PNG,RGB,mvtec,1.0
015-42.png,1024,1024,PNG,RGB,mvtec,1.0
001-52.png,1024,1024,PNG,RGB,mvtec,1.0
217-7.png,1024,1024,PNG,RGB,mvtec,1.0
203-8.png,1024,1024,PNG,RGB,mvtec,1.0
202-8.png,1024,1024,PNG,RGB,mvtec,1.0
216-7.png,1024,1024,PNG,RGB,mvtec,1.0
000-52.png,1024,1024,PNG,RGB,mvtec,1.0
014-43.png,1024,1024,PNG,RGB,mvtec,1.0
028-11.png,1024,1024,PNG,RGB,mvtec,1.0
174-8.png,1024,1024,PNG,RGB,mvtec,1.0
160-8.png,1024,1024,PNG,RGB,mvtec,1.0
148-8.png,1024,1024,PNG,RGB,mvtec,1.0
389.png,1024,1024,PNG,RGB,mvtec,1.0
376.png,1024,1024,PNG,RGB,mvtec,1.0
362.png,1024,1024,PNG,RGB,mvtec,1.0
366.png,1024,1024,PNG,RGB,mvtec,1.0
372.png,1024,1024,PNG,RGB,mvtec,1.0
164-8.png,1024,1024,PNG,RGB,mvtec,1.0
170-8.png,1024,1024,PNG,RGB,mvtec,1.0
158-8.png,1024,1024,PNG,RGB,mvtec,1.0
010-44.png,1024,1024,PNG,RGB,mvtec,1.0
004-52.png,1024,1024,PNG,RGB,mvtec,1.0
038-9.png,1024,1024,PNG,RGB,mvtec,1.0
212-8.png,1024,1024,PNG,RGB,mvtec,1.0
206-8.png,1024,1024,PNG,RGB,mvtec,1.0
207-8.png,1024,1024,PNG,RGB,mvtec,1.0
213-7.png,1024,1024,PNG,RGB,mvtec,1.0
039-9.png,1024,1024,PNG,RGB,mvtec,1.0
005-52.png,1024,1024,PNG,RGB,mvtec,1.0
011-43.png,1024,1024,PNG,RGB,mvtec,1.0
159-8.png,1024,1024,PNG,RGB,mvtec,1.0
171-8.png,1024,1024,PNG,RGB,mvtec,1.0
165-8.png,1024,1024,PNG,RGB,mvtec,1.0
373.png,1024,1024,PNG,RGB,mvtec,1.0
367.png,1024,1024,PNG,RGB,mvtec,1.0
371.png,1024,1024,PNG,RGB,mvtec,1.0
365.png,1024,1024,PNG,RGB,mvtec,1.0
359.png,1024,1024,PNG,RGB,mvtec,1.0
173-8.png,1024,1024,PNG,RGB,mvtec,1.0
167-8.png,1024,1024,PNG,RGB,mvtec,1.0
198-8.png,1024,1024,PNG,RGB,mvtec,1.0
007-52.png,1024,1024,PNG,RGB,mvtec,1.0
013-43.png,1024,1024,PNG,RGB,mvtec,1.0
205-8.png,1024,1024,PNG,RGB,mvtec,1.0
211-8.png,1024,1024,PNG,RGB,mvtec,1.0
239-4.png,1024,1024,PNG,RGB,mvtec,1.0
238-4.png,1024,1024,PNG,RGB,mvtec,1.0
210-8.png,1024,1024,PNG,RGB,mvtec,1.0
204-8.png,1024,1024,PNG,RGB,mvtec,1.0
012-43.png,1024,1024,PNG,RGB,mvtec,1.0
006-52.png,1024,1024,PNG,RGB,mvtec,1.0
199-8.png,1024,1024,PNG,RGB,mvtec,1.0
166-8.png,1024,1024,PNG,RGB,mvtec,1.0
172-8.png,1024,1024,PNG,RGB,mvtec,1.0
358.png,1024,1024,PNG,RGB,mvtec,1.0
364.png,1024,1024,PNG,RGB,mvtec,1.0
370.png,1024,1024,PNG,RGB,mvtec,1.0
317.png,1024,1024,PNG,RGB,mvtec,1.0
303.png,1024,1024,PNG,RGB,mvtec,1.0
129-8.png,1024,1024,PNG,RGB,mvtec,1.0
115-8.png,1024,1024,PNG,RGB,mvtec,1.0
101-8.png,1024,1024,PNG,RGB,mvtec,1.0
049-9.png,1024,1024,PNG,RGB,mvtec,1.0
061-8.png,1024,1024,PNG,RGB,mvtec,1.0
075-8.png,1024,1024,PNG,RGB,mvtec,1.0
263-2.png,1024,1024,PNG,RGB,mvtec,1.0
277.png,1024,1024,PNG,RGB,mvtec,1.0
288.png,1024,1024,PNG,RGB,mvtec,1.0
289.png,1024,1024,PNG,RGB,mvtec,1.0
276.png,1024,1024,PNG,RGB,mvtec,1.0
262-2.png,1024,1024,PNG,RGB,mvtec,1.0
074-8.png,1024,1024,PNG,RGB,mvtec,1.0
060-8.png,1024,1024,PNG,RGB,mvtec,1.0
048-9.png,1024,1024,PNG,RGB,mvtec,1.0
100-8.png,1024,1024,PNG,RGB,mvtec,1.0
114-8.png,1024,1024,PNG,RGB,mvtec,1.0
128-8.png,1024,1024,PNG,RGB,mvtec,1.0
302.png,1024,1024,PNG,RGB,mvtec,1.0
316.png,1024,1024,PNG,RGB,mvtec,1.0
328.png,1024,1024,PNG,RGB,mvtec,1.0
300.png,1024,1024,PNG,RGB,mvtec,1.0
314.png,1024,1024,PNG,RGB,mvtec,1.0
102-8.png,1024,1024,PNG,RGB,mvtec,1.0
116-8.png,1024,1024,PNG,RGB,mvtec,1.0
076-8.png,1024,1024,PNG,RGB,mvtec,1.0
062-8.png,1024,1024,PNG,RGB,mvtec,1.0
089-8.png,1024,1024,PNG,RGB,mvtec,1.0
248-2.png,1024,1024,PNG,RGB,mvtec,1.0
274.png,1024,1024,PNG,RGB,mvtec,1.0
260-2.png,1024,1024,PNG,RGB,mvtec,1.0
261-2.png,1024,1024,PNG,RGB,mvtec,1.0
275.png,1024,1024,PNG,RGB,mvtec,1.0
249-2.png,1024,1024,PNG,RGB,mvtec,1.0
088-8.png,1024,1024,PNG,RGB,mvtec,1.0
063-8.png,1024,1024,PNG,RGB,mvtec,1.0
077-8.png,1024,1024,PNG,RGB,mvtec,1.0
117-8.png,1024,1024,PNG,RGB,mvtec,1.0
103-8.png,1024,1024,PNG,RGB,mvtec,1.0
315.png,1024,1024,PNG,RGB,mvtec,1.0
301.png,1024,1024,PNG,RGB,mvtec,1.0
329.png,1024,1024,PNG,RGB,mvtec,1.0
305.png,1024,1024,PNG,RGB,mvtec,1.0
311.png,1024,1024,PNG,RGB,mvtec,1.0
339.png,1024,1024,PNG,RGB,mvtec,1.0
107-8.png,1024,1024,PNG,RGB,mvtec,1.0
113-8.png,1024,1024,PNG,RGB,mvtec,1.0
073-8.png,1024,1024,PNG,RGB,mvtec,1.0
067-8.png,1024,1024,PNG,RGB,mvtec,1.0
098-8.png,1024,1024,PNG,RGB,mvtec,1.0
271.png,1024,1024,PNG,RGB,mvtec,1.0
265-2.png,1024,1024,PNG,RGB,mvtec,1.0
259-2.png,1024,1024,PNG,RGB,mvtec,1.0
258-2.png,1024,1024,PNG,RGB,mvtec,1.0
264-2.png,1024,1024,PNG,RGB,mvtec,1.0
270.png,1024,1024,PNG,RGB,mvtec,1.0
099-8.png,1024,1024,PNG,RGB,mvtec,1.0
066-8.png,1024,1024,PNG,RGB,mvtec,1.0
072-8.png,1024,1024,PNG,RGB,mvtec,1.0
112-8.png,1024,1024,PNG,RGB,mvtec,1.0
106-8.png,1024,1024,PNG,RGB,mvtec,1.0
338.png,1024,1024,PNG,RGB,mvtec,1.0
310.png,1024,1024,PNG,RGB,mvtec,1.0
304.png,1024,1024,PNG,RGB,mvtec,1.0
312.png,1024,1024,PNG,RGB,mvtec,1.0
306.png,1024,1024,PNG,RGB,mvtec,1.0
110-8.png,1024,1024,PNG,RGB,mvtec,1.0
104-8.png,1024,1024,PNG,RGB,mvtec,1.0
138-8.png,1024,1024,PNG,RGB,mvtec,1.0
064-8.png,1024,1024,PNG,RGB,mvtec,1.0
070-8.png,1024,1024,PNG,RGB,mvtec,1.0
058-9.png,1024,1024,PNG,RGB,mvtec,1.0
266-2.png,1024,1024,PNG,RGB,mvtec,1.0
272.png,1024,1024,PNG,RGB,mvtec,1.0
299.png,1024,1024,PNG,RGB,mvtec,1.0
298.png,1024,1024,PNG,RGB,mvtec,1.0
273.png,1024,1024,PNG,RGB,mvtec,1.0
267.png,1024,1024,PNG,RGB,mvtec,1.0
059-9.png,1024,1024,PNG,RGB,mvtec,1.0
071-8.png,1024,1024,PNG,RGB,mvtec,1.0
065-8.png,1024,1024,PNG,RGB,mvtec,1.0
139-8.png,1024,1024,PNG,RGB,mvtec,1.0
105-8.png,1024,1024,PNG,RGB,mvtec,1.0
111-8.png,1024,1024,PNG,RGB,mvtec,1.0
307.png,1024,1024,PNG,RGB,mvtec,1.0
313.png,1024,1024,PNG,RGB,mvtec,1.0
336.png,1024,1024,PNG,RGB,mvtec,1.0
322.png,1024,1024,PNG,RGB,mvtec,1.0
108-8.png,1024,1024,PNG,RGB,mvtec,1.0
134-8.png,1024,1024,PNG,RGB,mvtec,1.0
120-8.png,1024,1024,PNG,RGB,mvtec,1.0
068-8.png,1024,1024,PNG,RGB,mvtec,1.0
040-9.png,1024,1024,PNG,RGB,mvtec,1.0
054-9.png,1024,1024,PNG,RGB,mvtec,1.0
083-8.png,1024,1024,PNG,RGB,mvtec,1.0
097-8.png,1024,1024,PNG,RGB,mvtec,1.0
242-3.png,1024,1024,PNG,RGB,mvtec,1.0
256-2.png,1024,1024,PNG,RGB,mvtec,1.0
281.png,1024,1024,PNG,RGB,mvtec,1.0
295.png,1024,1024,PNG,RGB,mvtec,1.0
294.png,1024,1024,PNG,RGB,mvtec,1.0
280.png,1024,1024,PNG,RGB,mvtec,1.0
257-2.png,1024,1024,PNG,RGB,mvtec,1.0
243-3.png,1024,1024,PNG,RGB,mvtec,1.0
096-8.png,1024,1024,PNG,RGB,mvtec,1.0
082-8.png,1024,1024,PNG,RGB,mvtec,1.0
055-9.png,1024,1024,PNG,RGB,mvtec,1.0
041-9.png,1024,1024,PNG,RGB,mvtec,1.0
069-8.png,1024,1024,PNG,RGB,mvtec,1.0
121-8.png,1024,1024,PNG,RGB,mvtec,1.0
135-8.png,1024,1024,PNG,RGB,mvtec,1.0
109-8.png,1024,1024,PNG,RGB,mvtec,1.0
323.png,1024,1024,PNG,RGB,mvtec,1.0
337.png,1024,1024,PNG,RGB,mvtec,1.0
309.png,1024,1024,PNG,RGB,mvtec,1.0
321.png,1024,1024,PNG,RGB,mvtec,1.0
335.png,1024,1024,PNG,RGB,mvtec,1.0
123-8.png,1024,1024,PNG,RGB,mvtec,1.0
137-8.png,1024,1024,PNG,RGB,mvtec,1.0
057-9.png,1024,1024,PNG,RGB,mvtec,1.0
043-9.png,1024,1024,PNG,RGB,mvtec,1.0
094-8.png,1024,1024,PNG,RGB,mvtec,1.0
080-8.png,1024,1024,PNG,RGB,mvtec,1.0
269.png,1024,1024,PNG,RGB,mvtec,1.0
255-2.png,1024,1024,PNG,RGB,mvtec,1.0
241-3.png,1024,1024,PNG,RGB,mvtec,1.0
296.png,1024,1024,PNG,RGB,mvtec,1.0
282.png,1024,1024,PNG,RGB,mvtec,1.0
283.png,1024,1024,PNG,RGB,mvtec,1.0
297.png,1024,1024,PNG,RGB,mvtec,1.0
240-3.png,1024,1024,PNG,RGB,mvtec,1.0
254-2.png,1024,1024,PNG,RGB,mvtec,1.0
268.png,1024,1024,PNG,RGB,mvtec,1.0
081-8.png,1024,1024,PNG,RGB,mvtec,1.0
095-8.png,1024,1024,PNG,RGB,mvtec,1.0
042-9.png,1024,1024,PNG,RGB,mvtec,1.0
056-9.png,1024,1024,PNG,RGB,mvtec,1.0
136-8.png,1024,1024,PNG,RGB,mvtec,1.0
122-8.png,1024,1024,PNG,RGB,mvtec,1.0
334.png,1024,1024,PNG,RGB,mvtec,1.0
320.png,1024,1024,PNG,RGB,mvtec,1.0
308.png,1024,1024,PNG,RGB,mvtec,1.0
324.png,1024,1024,PNG,RGB,mvtec,1.0
330.png,1024,1024,PNG,RGB,mvtec,1.0
318.png,1024,1024,PNG,RGB,mvtec,1.0
126-8.png,1024,1024,PNG,RGB,mvtec,1.0
132-8.png,1024,1024,PNG,RGB,mvtec,1.0
052-9.png,1024,1024,PNG,RGB,mvtec,1.0
046-9.png,1024,1024,PNG,RGB,mvtec,1.0
091-8.png,1024,1024,PNG,RGB,mvtec,1.0
085-8.png,1024,1024,PNG,RGB,mvtec,1.0
250-2.png,1024,1024,PNG,RGB,mvtec,1.0
244-3.png,1024,1024,PNG,RGB,mvtec,1.0
278.png,1024,1024,PNG,RGB,mvtec,1.0
293.png,1024,1024,PNG,RGB,mvtec,1.0
287.png,1024,1024,PNG,RGB,mvtec,1.0
286.png,1024,1024,PNG,RGB,mvtec,1.0
292.png,1024,1024,PNG,RGB,mvtec,1.0
279.png,1024,1024,PNG,RGB,mvtec,1.0
245-3.png,1024,1024,PNG,RGB,mvtec,1.0
251-2.png,1024,1024,PNG,RGB,mvtec,1.0
084-8.png,1024,1024,PNG,RGB,mvtec,1.0
090-8.png,1024,1024,PNG,RGB,mvtec,1.0
047-9.png,1024,1024,PNG,RGB,mvtec,1.0
053-9.png,1024,1024,PNG,RGB,mvtec,1.0
133-8.png,1024,1024,PNG,RGB,mvtec,1.0
127-8.png,1024,1024,PNG,RGB,mvtec,1.0
319.png,1024,1024,PNG,RGB,mvtec,1.0
331.png,1024,1024,PNG,RGB,mvtec,1.0
325.png,1024,1024,PNG,RGB,mvtec,1.0
333.png,1024,1024,PNG,RGB,mvtec,1.0
327.png,1024,1024,PNG,RGB,mvtec,1.0
131-8.png,1024,1024,PNG,RGB,mvtec,1.0
125-8.png,1024,1024,PNG,RGB,mvtec,1.0
119-8.png,1024,1024,PNG,RGB,mvtec,1.0
045-9.png,1024,1024,PNG,RGB,mvtec,1.0
051-9.png,1024,1024,PNG,RGB,mvtec,1.0
079-8.png,1024,1024,PNG,RGB,mvtec,1.0
086-8.png,1024,1024,PNG,RGB,mvtec,1.0
092-8.png,1024,1024,PNG,RGB,mvtec,1.0
247-2.png,1024,1024,PNG,RGB,mvtec,1.0
253-2.png,1024,1024,PNG,RGB,mvtec,1.0
284.png,1024,1024,PNG,RGB,mvtec,1.0
290.png,1024,1024,PNG,RGB,mvtec,1.0
291.png,1024,1024,PNG,RGB,mvtec,1.0
285.png,1024,1024,PNG,RGB,mvtec,1.0
252-2.png,1024,1024,PNG,RGB,mvtec,1.0
246-3.png,1024,1024,PNG,RGB,mvtec,1.0
093-8.png,1024,1024,PNG,RGB,mvtec,1.0
087-8.png,1024,1024,PNG,RGB,mvtec,1.0
078-8.png,1024,1024,PNG,RGB,mvtec,1.0
050-9.png,1024,1024,PNG,RGB,mvtec,1.0
044-9.png,1024,1024,PNG,RGB,mvtec,1.0
118-8.png,1024,1024,PNG,RGB,mvtec,1.0
124-8.png,1024,1024,PNG,RGB,mvtec,1.0
130-8.png,1024,1024,PNG,RGB,mvtec,1.0
326.png,1024,1024,PNG,RGB,mvtec,1.0
332.png,1024,1024,PNG,RGB,mvtec,1.0
369.png,1024,1024,PNG,RGB,mvtec,1.0
355.png,1024,1024,PNG,RGB,mvtec,1.0
341.png,1024,1024,PNG,RGB,mvtec,1.0
382.png,1024,1024,PNG,RGB,mvtec,1.0
157-8.png,1024,1024,PNG,RGB,mvtec,1.0
143-8.png,1024,1024,PNG,RGB,mvtec,1.0
194-8.png,1024,1024,PNG,RGB,mvtec,1.0
180-8.png,1024,1024,PNG,RGB,mvtec,1.0
023-16.png,1024,1024,PNG,RGB,mvtec,1.0
037-9.png,1024,1024,PNG,RGB,mvtec,1.0
209-8.png,1024,1024,PNG,RGB,mvtec,1.0
221-5.png,1024,1024,PNG,RGB,mvtec,1.0
235-4.png,1024,1024,PNG,RGB,mvtec,1.0
234-4.png,1024,1024,PNG,RGB,mvtec,1.0
220-5.png,1024,1024,PNG,RGB,mvtec,1.0
208-8.png,1024,1024,PNG,RGB,mvtec,1.0
036-9.png,1024,1024,PNG,RGB,mvtec,1.0
022-21.png,1024,1024,PNG,RGB,mvtec,1.0
181-8.png,1024,1024,PNG,RGB,mvtec,1.0
195-8.png,1024,1024,PNG,RGB,mvtec,1.0
142-8.png,1024,1024,PNG,RGB,mvtec,1.0
156-8.png,1024,1024,PNG,RGB,mvtec,1.0
383.png,1024,1024,PNG,RGB,mvtec,1.0
340.png,1024,1024,PNG,RGB,mvtec,1.0
354.png,1024,1024,PNG,RGB,mvtec,1.0
368.png,1024,1024,PNG,RGB,mvtec,1.0
342.png,1024,1024,PNG,RGB,mvtec,1.0
356.png,1024,1024,PNG,RGB,mvtec,1.0
381.png,1024,1024,PNG,RGB,mvtec,1.0
168-8.png,1024,1024,PNG,RGB,mvtec,1.0
140-8.png,1024,1024,PNG,RGB,mvtec,1.0
154-8.png,1024,1024,PNG,RGB,mvtec,1.0
183-8.png,1024,1024,PNG,RGB,mvtec,1.0
197-8.png,1024,1024,PNG,RGB,mvtec,1.0
008-51.png,1024,1024,PNG,RGB,mvtec,1.0
034-9.png,1024,1024,PNG,RGB,mvtec,1.0
020-27.png,1024,1024,PNG,RGB,mvtec,1.0
236-4.png,1024,1024,PNG,RGB,mvtec,1.0
222-5.png,1024,1024,PNG,RGB,mvtec,1.0
223-5.png,1024,1024,PNG,RGB,mvtec,1.0
237-4.png,1024,1024,PNG,RGB,mvtec,1.0
021-24.png,1024,1024,PNG,RGB,mvtec,1.0
035-9.png,1024,1024,PNG,RGB,mvtec,1.0
009-50.png,1024,1024,PNG,RGB,mvtec,1.0
196-8.png,1024,1024,PNG,RGB,mvtec,1.0
182-8.png,1024,1024,PNG,RGB,mvtec,1.0
155-8.png,1024,1024,PNG,RGB,mvtec,1.0
141-8.png,1024,1024,PNG,RGB,mvtec,1.0
169-8.png,1024,1024,PNG,RGB,mvtec,1.0
380.png,1024,1024,PNG,RGB,mvtec,1.0
357.png,1024,1024,PNG,RGB,mvtec,1.0
343.png,1024,1024,PNG,RGB,mvtec,1.0
347.png,1024,1024,PNG,RGB,mvtec,1.0
353.png,1024,1024,PNG,RGB,mvtec,1.0
384.png,1024,1024,PNG,RGB,mvtec,1.0
390.png,1024,1024,PNG,RGB,mvtec,1.0
145-8.png,1024,1024,PNG,RGB,mvtec,1.0
151-8.png,1024,1024,PNG,RGB,mvtec,1.0
179-8.png,1024,1024,PNG,RGB,mvtec,1.0
186-8.png,1024,1024,PNG,RGB,mvtec,1.0
192-8.png,1024,1024,PNG,RGB,mvtec,1.0
031-11.png,1024,1024,PNG,RGB,mvtec,1.0
025-13.png,1024,1024,PNG,RGB,mvtec,1.0
019-28.png,1024,1024,PNG,RGB,mvtec,1.0
233-4.png,1024,1024,PNG,RGB,mvtec,1.0
227-5.png,1024,1024,PNG,RGB,mvtec,1.0
226-5.png,1024,1024,PNG,RGB,mvtec,1.0
232-4.png,1024,1024,PNG,RGB,mvtec,1.0
018-31.png,1024,1024,PNG,RGB,mvtec,1.0
024-15.png,1024,1024,PNG,RGB,mvtec,1.0
030-11.png,1024,1024,PNG,RGB,mvtec,1.0
193-8.png,1024,1024,PNG,RGB,mvtec,1.0
187-8.png,1024,1024,PNG,RGB,mvtec,1.0
178-8.png,1024,1024,PNG,RGB,mvtec,1.0
150-8.png,1024,1024,PNG,RGB,mvtec,1.0
144-8.png,1024,1024,PNG,RGB,mvtec,1.0
385.png,1024,1024,PNG,RGB,mvtec,1.0
352.png,1024,1024,PNG,RGB,mvtec,1.0
346.png,1024,1024,PNG,RGB,mvtec,1.0
350.png,1024,1024,PNG,RGB,mvtec,1.0
344.png,1024,1024,PNG,RGB,mvtec,1.0
378.png,1024,1024,PNG,RGB,mvtec,1.0
387.png,1024,1024,PNG,RGB,mvtec,1.0
152-8.png,1024,1024,PNG,RGB,mvtec,1.0
146-8.png,1024,1024,PNG,RGB,mvtec,1.0
191-8.png,1024,1024,PNG,RGB,mvtec,1.0
185-8.png,1024,1024,PNG,RGB,mvtec,1.0
026-11.png,1024,1024,PNG,RGB,mvtec,1.0
032-10.png,1024,1024,PNG,RGB,mvtec,1.0
224-5.png,1024,1024,PNG,RGB,mvtec,1.0
230-4.png,1024,1024,PNG,RGB,mvtec,1.0
218-7.png,1024,1024,PNG,RGB,mvtec,1.0
219-6.png,1024,1024,PNG,RGB,mvtec,1.0
231-4.png,1024,1024,PNG,RGB,mvtec,1.0
225-5.png,1024,1024,PNG,RGB,mvtec,1.0
033-9.png,1024,1024,PNG,RGB,mvtec,1.0
027-11.png,1024,1024,PNG,RGB,mvtec,1.0
184-8.png,1024,1024,PNG,RGB,mvtec,1.0
190-8.png,1024,1024,PNG,RGB,mvtec,1.0
147-8.png,1024,1024,PNG,RGB,mvtec,1.0
153-8.png,1024,1024,PNG,RGB,mvtec,1.0
386.png,1024,1024,PNG,RGB,mvtec,1.0
379.png,1024,1024,PNG,RGB,mvtec,1.0
345.png,1024,1024,PNG,RGB,mvtec,1.0
351.png,1024,1024,PNG,RGB,mvtec,1.0
002-53.png,1024,1024,PNG,RGB,mvtec,1.0
016-39.png,1024,1024,PNG,RGB,mvtec,1.0
017-35.png,1024,1024,PNG,RGB,mvtec,1.0
003-53.png,1024,1024,PNG,RGB,mvtec,1.0
015-43.png,1024,1024,PNG,RGB,mvtec,1.0
001-53.png,1024,1024,PNG,RGB,mvtec,1.0
000-53.png,1024,1024,PNG,RGB,mvtec,1.0
014-44.png,1024,1024,PNG,RGB,mvtec,1.0
010-45.png,1024,1024,PNG,RGB,mvtec,1.0
004-53.png,1024,1024,PNG,RGB,mvtec,1.0
005-53.png,1024,1024,PNG,RGB,mvtec,1.0
011-44.png,1024,1024,PNG,RGB,mvtec,1.0
007-53.png,1024,1024,PNG,RGB,mvtec,1.0
013-44.png,1024,1024,PNG,RGB,mvtec,1.0
012-44.png,1024,1024,PNG,RGB,mvtec,1.0
006-53.png,1024,1024,PNG,RGB,mvtec,1.0
008-52.png,1024,1024,PNG,RGB,mvtec,1.0
009-51.png,1024,1024,PNG,RGB,mvtec,1.0
002-55.png,1024,1024,PNG,RGB,mvtec,1.0
016-41.png,1024,1024,PNG,RGB,mvtec,1.0
017-36.png,1024,1024,PNG,RGB,mvtec,1.0
003-55.png,1024,1024,PNG,RGB,mvtec,1.0
029-12.png,1024,1024,PNG,RGB,mvtec,1.0
015-45.png,1024,1024,PNG,RGB,mvtec,1.0
001-55.png,1024,1024,PNG,RGB,mvtec,1.0
000-55.png,1024,1024,PNG,RGB,mvtec,1.0
014-46.png,1024,1024,PNG,RGB,mvtec,1.0
028-12.png,1024,1024,PNG,RGB,mvtec,1.0
010-47.png,1024,1024,PNG,RGB,mvtec,1.0
004-55.png,1024,1024,PNG,RGB,mvtec,1.0
038-10.png,1024,1024,PNG,RGB,mvtec,1.0
039-10.png,1024,1024,PNG,RGB,mvtec,1.0
005-55.png,1024,1024,PNG,RGB,mvtec,1.0
011-46.png,1024,1024,PNG,RGB,mvtec,1.0
007-55.png,1024,1024,PNG,RGB,mvtec,1.0
013-46.png,1024,1024,PNG,RGB,mvtec,1.0
012-46.png,1024,1024,PNG,RGB,mvtec,1.0
006-55.png,1024,1024,PNG,RGB,mvtec,1.0
023-17.png,1024,1024,PNG,RGB,mvtec,1.0
037-10.png,1024,1024,PNG,RGB,mvtec,1.0
036-10.png,1024,1024,PNG,RGB,mvtec,1.0
022-22.png,1024,1024,PNG,RGB,mvtec,1.0
008-54.png,1024,1024,PNG,RGB,mvtec,1.0
034-10.png,1024,1024,PNG,RGB,mvtec,1.0
020-28.png,1024,1024,PNG,RGB,mvtec,1.0
021-25.png,1024,1024,PNG,RGB,mvtec,1.0
035-10.png,1024,1024,PNG,RGB,mvtec,1.0
009-53.png,1024,1024,PNG,RGB,mvtec,1.0
031-12.png,1024,1024,PNG,RGB,mvtec,1.0
025-14.png,1024,1024,PNG,RGB,mvtec,1.0
019-29.png,1024,1024,PNG,RGB,mvtec,1.0
018-32.png,1024,1024,PNG,RGB,mvtec,1.0
024-16.png,1024,1024,PNG,RGB,mvtec,1.0
030-12.png,1024,1024,PNG,RGB,mvtec,1.0
026-12.png,1024,1024,PNG,RGB,mvtec,1.0
032-11.png,1024,1024,PNG,RGB,mvtec,1.0
033-10.png,1024,1024,PNG,RGB,mvtec,1.0
027-12.png,1024,1024,PNG,RGB,mvtec,1.0
002-56.png,1024,1024,PNG,RGB,mvtec,1.0
016-42.png,1024,1024,PNG,RGB,mvtec,1.0
003-56.png,1024,1024,PNG,RGB,mvtec,1.0
015-46.png,1024,1024,PNG,RGB,mvtec,1.0
001-56.png,1024,1024,PNG,RGB,mvtec,1.0
000-56.png,1024,1024,PNG,RGB,mvtec,1.0
014-47.png,1024,1024,PNG,RGB,mvtec,1.0
010-48.png,1024,1024,PNG,RGB,mvtec,1.0
004-56.png,1024,1024,PNG,RGB,mvtec,1.0
005-56.png,1024,1024,PNG,RGB,mvtec,1.0
011-47.png,1024,1024,PNG,RGB,mvtec,1.0
007-56.png,1024,1024,PNG,RGB,mvtec,1.0
013-47.png,1024,1024,PNG,RGB,mvtec,1.0
012-47.png,1024,1024,PNG,RGB,mvtec,1.0
006-56.png,1024,1024,PNG,RGB,mvtec,1.0
008-55.png,1024,1024,PNG,RGB,mvtec,1.0
009-54.png,1024,1024,PNG,RGB,mvtec,1.0
002-57.png,1024,1024,PNG,RGB,mvtec,1.0
016-43.png,1024,1024,PNG,RGB,mvtec,1.0
017-37.png,1024,1024,PNG,RGB,mvtec,1.0
003-57.png,1024,1024,PNG,RGB,mvtec,1.0
015-47.png,1024,1024,PNG,RGB,mvtec,1.0
001-57.png,1024,1024,PNG,RGB,mvtec,1.0
000-57.png,1024,1024,PNG,RGB,mvtec,1.0
014-48.png,1024,1024,PNG,RGB,mvtec,1.0
010-49.png,1024,1024,PNG,RGB,mvtec,1.0
004-57.png,1024,1024,PNG,RGB,mvtec,1.0
005-57.png,1024,1024,PNG,RGB,mvtec,1.0
011-48.png,1024,1024,PNG,RGB,mvtec,1.0
007-57.png,1024,1024,PNG,RGB,mvtec,1.0
013-48.png,1024,1024,PNG,RGB,mvtec,1.0
012-48.png,1024,1024,PNG,RGB,mvtec,1.0
006-57.png,1024,1024,PNG,RGB,mvtec,1.0
008-56.png,1024,1024,PNG,RGB,mvtec,1.0
009-55.png,1024,1024,PNG,RGB,mvtec,1.0
176-10.png,1024,1024,PNG,RGB,mvtec,1.0
162-10.png,1024,1024,PNG,RGB,mvtec,1.0
189-10.png,1024,1024,PNG,RGB,mvtec,1.0
002-65.png,1024,1024,PNG,RGB,mvtec,1.0
016-51.png,1024,1024,PNG,RGB,mvtec,1.0
200-10.png,1024,1024,PNG,RGB,mvtec,1.0
214-9.png,1024,1024,PNG,RGB,mvtec,1.0
215-9.png,1024,1024,PNG,RGB,mvtec,1.0
201-10.png,1024,1024,PNG,RGB,mvtec,1.0
017-42.png,1024,1024,PNG,RGB,mvtec,1.0
003-65.png,1024,1024,PNG,RGB,mvtec,1.0
188-10.png,1024,1024,PNG,RGB,mvtec,1.0
163-10.png,1024,1024,PNG,RGB,mvtec,1.0
177-10.png,1024,1024,PNG,RGB,mvtec,1.0
149-10.png,1024,1024,PNG,RGB,mvtec,1.0
161-10.png,1024,1024,PNG,RGB,mvtec,1.0
175-10.png,1024,1024,PNG,RGB,mvtec,1.0
029-14.png,1024,1024,PNG,RGB,mvtec,1.0
015-55.png,1024,1024,PNG,RGB,mvtec,1.0
001-65.png,1024,1024,PNG,RGB,mvtec,1.0
217-9.png,1024,1024,PNG,RGB,mvtec,1.0
203-10.png,1024,1024,PNG,RGB,mvtec,1.0
202-10.png,1024,1024,PNG,RGB,mvtec,1.0
216-9.png,1024,1024,PNG,RGB,mvtec,1.0
000-65.png,1024,1024,PNG,RGB,mvtec,1.0
014-56.png,1024,1024,PNG,RGB,mvtec,1.0
028-14.png,1024,1024,PNG,RGB,mvtec,1.0
174-10.png,1024,1024,PNG,RGB,mvtec,1.0
160-10.png,1024,1024,PNG,RGB,mvtec,1.0
148-10.png,1024,1024,PNG,RGB,mvtec,1.0
164-10.png,1024,1024,PNG,RGB,mvtec,1.0
170-10.png,1024,1024,PNG,RGB,mvtec,1.0
158-10.png,1024,1024,PNG,RGB,mvtec,1.0
010-57.png,1024,1024,PNG,RGB,mvtec,1.0
004-65.png,1024,1024,PNG,RGB,mvtec,1.0
038-12.png,1024,1024,PNG,RGB,mvtec,1.0
212-10.png,1024,1024,PNG,RGB,mvtec,1.0
206-10.png,1024,1024,PNG,RGB,mvtec,1.0
207-10.png,1024,1024,PNG,RGB,mvtec,1.0
213-9.png,1024,1024,PNG,RGB,mvtec,1.0
039-12.png,1024,1024,PNG,RGB,mvtec,1.0
005-65.png,1024,1024,PNG,RGB,mvtec,1.0
011-56.png,1024,1024,PNG,RGB,mvtec,1.0
159-10.png,1024,1024,PNG,RGB,mvtec,1.0
171-10.png,1024,1024,PNG,RGB,mvtec,1.0
165-10.png,1024,1024,PNG,RGB,mvtec,1.0
173-10.png,1024,1024,PNG,RGB,mvtec,1.0
167-10.png,1024,1024,PNG,RGB,mvtec,1.0
198-10.png,1024,1024,PNG,RGB,mvtec,1.0
007-65.png,1024,1024,PNG,RGB,mvtec,1.0
013-56.png,1024,1024,PNG,RGB,mvtec,1.0
205-10.png,1024,1024,PNG,RGB,mvtec,1.0
211-10.png,1024,1024,PNG,RGB,mvtec,1.0
210-10.png,1024,1024,PNG,RGB,mvtec,1.0
204-10.png,1024,1024,PNG,RGB,mvtec,1.0
012-56.png,1024,1024,PNG,RGB,mvtec,1.0
006-65.png,1024,1024,PNG,RGB,mvtec,1.0
199-10.png,1024,1024,PNG,RGB,mvtec,1.0
166-10.png,1024,1024,PNG,RGB,mvtec,1.0
172-10.png,1024,1024,PNG,RGB,mvtec,1.0
129-10.png,1024,1024,PNG,RGB,mvtec,1.0
115-10.png,1024,1024,PNG,RGB,mvtec,1.0
101-10.png,1024,1024,PNG,RGB,mvtec,1.0
049-11.png,1024,1024,PNG,RGB,mvtec,1.0
061-10.png,1024,1024,PNG,RGB,mvtec,1.0
075-10.png,1024,1024,PNG,RGB,mvtec,1.0
074-10.png,1024,1024,PNG,RGB,mvtec,1.0
060-10.png,1024,1024,PNG,RGB,mvtec,1.0
048-11.png,1024,1024,PNG,RGB,mvtec,1.0
100-10.png,1024,1024,PNG,RGB,mvtec,1.0
114-10.png,1024,1024,PNG,RGB,mvtec,1.0
128-10.png,1024,1024,PNG,RGB,mvtec,1.0
102-10.png,1024,1024,PNG,RGB,mvtec,1.0
116-10.png,1024,1024,PNG,RGB,mvtec,1.0
076-10.png,1024,1024,PNG,RGB,mvtec,1.0
062-10.png,1024,1024,PNG,RGB,mvtec,1.0
089-10.png,1024,1024,PNG,RGB,mvtec,1.0
088-10.png,1024,1024,PNG,RGB,mvtec,1.0
063-10.png,1024,1024,PNG,RGB,mvtec,1.0
077-10.png,1024,1024,PNG,RGB,mvtec,1.0
117-10.png,1024,1024,PNG,RGB,mvtec,1.0
103-10.png,1024,1024,PNG,RGB,mvtec,1.0
107-10.png,1024,1024,PNG,RGB,mvtec,1.0
113-10.png,1024,1024,PNG,RGB,mvtec,1.0
073-10.png,1024,1024,PNG,RGB,mvtec,1.0
067-10.png,1024,1024,PNG,RGB,mvtec,1.0
098-10.png,1024,1024,PNG,RGB,mvtec,1.0
099-10.png,1024,1024,PNG,RGB,mvtec,1.0
066-10.png,1024,1024,PNG,RGB,mvtec,1.0
072-10.png,1024,1024,PNG,RGB,mvtec,1.0
112-10.png,1024,1024,PNG,RGB,mvtec,1.0
106-10.png,1024,1024,PNG,RGB,mvtec,1.0
110-10.png,1024,1024,PNG,RGB,mvtec,1.0
104-10.png,1024,1024,PNG,RGB,mvtec,1.0
138-10.png,1024,1024,PNG,RGB,mvtec,1.0
064-10.png,1024,1024,PNG,RGB,mvtec,1.0
070-10.png,1024,1024,PNG,RGB,mvtec,1.0
058-11.png,1024,1024,PNG,RGB,mvtec,1.0
059-11.png,1024,1024,PNG,RGB,mvtec,1.0
071-10.png,1024,1024,PNG,RGB,mvtec,1.0
065-10.png,1024,1024,PNG,RGB,mvtec,1.0
139-10.png,1024,1024,PNG,RGB,mvtec,1.0
105-10.png,1024,1024,PNG,RGB,mvtec,1.0
111-10.png,1024,1024,PNG,RGB,mvtec,1.0
108-10.png,1024,1024,PNG,RGB,mvtec,1.0
134-10.png,1024,1024,PNG,RGB,mvtec,1.0
120-10.png,1024,1024,PNG,RGB,mvtec,1.0
068-10.png,1024,1024,PNG,RGB,mvtec,1.0
040-11.png,1024,1024,PNG,RGB,mvtec,1.0
054-11.png,1024,1024,PNG,RGB,mvtec,1.0
083-10.png,1024,1024,PNG,RGB,mvtec,1.0
097-10.png,1024,1024,PNG,RGB,mvtec,1.0
096-10.png,1024,1024,PNG,RGB,mvtec,1.0
082-10.png,1024,1024,PNG,RGB,mvtec,1.0
055-11.png,1024,1024,PNG,RGB,mvtec,1.0
041-11.png,1024,1024,PNG,RGB,mvtec,1.0
069-10.png,1024,1024,PNG,RGB,mvtec,1.0
121-10.png,1024,1024,PNG,RGB,mvtec,1.0
135-10.png,1024,1024,PNG,RGB,mvtec,1.0
109-10.png,1024,1024,PNG,RGB,mvtec,1.0
123-10.png,1024,1024,PNG,RGB,mvtec,1.0
137-10.png,1024,1024,PNG,RGB,mvtec,1.0
057-11.png,1024,1024,PNG,RGB,mvtec,1.0
043-11.png,1024,1024,PNG,RGB,mvtec,1.0
094-10.png,1024,1024,PNG,RGB,mvtec,1.0
080-10.png,1024,1024,PNG,RGB,mvtec,1.0
081-10.png,1024,1024,PNG,RGB,mvtec,1.0
095-10.png,1024,1024,PNG,RGB,mvtec,1.0
042-11.png,1024,1024,PNG,RGB,mvtec,1.0
056-11.png,1024,1024,PNG,RGB,mvtec,1.0
136-10.png,1024,1024,PNG,RGB,mvtec,1.0
122-10.png,1024,1024,PNG,RGB,mvtec,1.0
126-10.png,1024,1024,PNG,RGB,mvtec,1.0
132-10.png,1024,1024,PNG,RGB,mvtec,1.0
052-11.png,1024,1024,PNG,RGB,mvtec,1.0
046-11.png,1024,1024,PNG,RGB,mvtec,1.0
091-10.png,1024,1024,PNG,RGB,mvtec,1.0
085-10.png,1024,1024,PNG,RGB,mvtec,1.0
084-10.png,1024,1024,PNG,RGB,mvtec,1.0
090-10.png,1024,1024,PNG,RGB,mvtec,1.0
047-11.png,1024,1024,PNG,RGB,mvtec,1.0
053-11.png,1024,1024,PNG,RGB,mvtec,1.0
133-10.png,1024,1024,PNG,RGB,mvtec,1.0
127-10.png,1024,1024,PNG,RGB,mvtec,1.0
131-10.png,1024,1024,PNG,RGB,mvtec,1.0
125-10.png,1024,1024,PNG,RGB,mvtec,1.0
119-10.png,1024,1024,PNG,RGB,mvtec,1.0
045-11.png,1024,1024,PNG,RGB,mvtec,1.0
051-11.png,1024,1024,PNG,RGB,mvtec,1.0
079-10.png,1024,1024,PNG,RGB,mvtec,1.0
086-10.png,1024,1024,PNG,RGB,mvtec,1.0
092-10.png,1024,1024,PNG,RGB,mvtec,1.0
093-10.png,1024,1024,PNG,RGB,mvtec,1.0
087-10.png,1024,1024,PNG,RGB,mvtec,1.0
078-10.png,1024,1024,PNG,RGB,mvtec,1.0
050-11.png,1024,1024,PNG,RGB,mvtec,1.0
044-11.png,1024,1024,PNG,RGB,mvtec,1.0
118-10.png,1024,1024,PNG,RGB,mvtec,1.0
124-10.png,1024,1024,PNG,RGB,mvtec,1.0
130-10.png,1024,1024,PNG,RGB,mvtec,1.0
157-10.png,1024,1024,PNG,RGB,mvtec,1.0
143-10.png,1024,1024,PNG,RGB,mvtec,1.0
194-10.png,1024,1024,PNG,RGB,mvtec,1.0
180-10.png,1024,1024,PNG,RGB,mvtec,1.0
023-20.png,1024,1024,PNG,RGB,mvtec,1.0
037-12.png,1024,1024,PNG,RGB,mvtec,1.0
209-10.png,1024,1024,PNG,RGB,mvtec,1.0
221-7.png,1024,1024,PNG,RGB,mvtec,1.0
220-7.png,1024,1024,PNG,RGB,mvtec,1.0
208-10.png,1024,1024,PNG,RGB,mvtec,1.0
036-12.png,1024,1024,PNG,RGB,mvtec,1.0
022-25.png,1024,1024,PNG,RGB,mvtec,1.0
181-10.png,1024,1024,PNG,RGB,mvtec,1.0
195-10.png,1024,1024,PNG,RGB,mvtec,1.0
142-10.png,1024,1024,PNG,RGB,mvtec,1.0
156-10.png,1024,1024,PNG,RGB,mvtec,1.0
168-10.png,1024,1024,PNG,RGB,mvtec,1.0
140-10.png,1024,1024,PNG,RGB,mvtec,1.0
154-10.png,1024,1024,PNG,RGB,mvtec,1.0
183-10.png,1024,1024,PNG,RGB,mvtec,1.0
197-10.png,1024,1024,PNG,RGB,mvtec,1.0
008-64.png,1024,1024,PNG,RGB,mvtec,1.0
034-12.png,1024,1024,PNG,RGB,mvtec,1.0
020-31.png,1024,1024,PNG,RGB,mvtec,1.0
222-7.png,1024,1024,PNG,RGB,mvtec,1.0
223-7.png,1024,1024,PNG,RGB,mvtec,1.0
021-28.png,1024,1024,PNG,RGB,mvtec,1.0
035-12.png,1024,1024,PNG,RGB,mvtec,1.0
009-63.png,1024,1024,PNG,RGB,mvtec,1.0
196-10.png,1024,1024,PNG,RGB,mvtec,1.0
182-10.png,1024,1024,PNG,RGB,mvtec,1.0
155-10.png,1024,1024,PNG,RGB,mvtec,1.0
141-10.png,1024,1024,PNG,RGB,mvtec,1.0
169-10.png,1024,1024,PNG,RGB,mvtec,1.0
145-10.png,1024,1024,PNG,RGB,mvtec,1.0
151-10.png,1024,1024,PNG,RGB,mvtec,1.0
179-10.png,1024,1024,PNG,RGB,mvtec,1.0
186-10.png,1024,1024,PNG,RGB,mvtec,1.0
192-10.png,1024,1024,PNG,RGB,mvtec,1.0
031-14.png,1024,1024,PNG,RGB,mvtec,1.0
025-17.png,1024,1024,PNG,RGB,mvtec,1.0
019-32.png,1024,1024,PNG,RGB,mvtec,1.0
018-37.png,1024,1024,PNG,RGB,mvtec,1.0
024-19.png,1024,1024,PNG,RGB,mvtec,1.0
030-14.png,1024,1024,PNG,RGB,mvtec,1.0
193-10.png,1024,1024,PNG,RGB,mvtec,1.0
187-10.png,1024,1024,PNG,RGB,mvtec,1.0
178-10.png,1024,1024,PNG,RGB,mvtec,1.0
150-10.png,1024,1024,PNG,RGB,mvtec,1.0
144-10.png,1024,1024,PNG,RGB,mvtec,1.0
152-10.png,1024,1024,PNG,RGB,mvtec,1.0
146-10.png,1024,1024,PNG,RGB,mvtec,1.0
191-10.png,1024,1024,PNG,RGB,mvtec,1.0
185-10.png,1024,1024,PNG,RGB,mvtec,1.0
026-15.png,1024,1024,PNG,RGB,mvtec,1.0
032-13.png,1024,1024,PNG,RGB,mvtec,1.0
218-9.png,1024,1024,PNG,RGB,mvtec,1.0
219-8.png,1024,1024,PNG,RGB,mvtec,1.0
033-12.png,1024,1024,PNG,RGB,mvtec,1.0
027-15.png,1024,1024,PNG,RGB,mvtec,1.0
184-10.png,1024,1024,PNG,RGB,mvtec,1.0
190-10.png,1024,1024,PNG,RGB,mvtec,1.0
147-10.png,1024,1024,PNG,RGB,mvtec,1.0
153-10.png,1024,1024,PNG,RGB,mvtec,1.0
002-69.png,1024,1024,PNG,RGB,mvtec,1.0
016-52.png,1024,1024,PNG,RGB,mvtec,1.0
017-43.png,1024,1024,PNG,RGB,mvtec,1.0
003-69.png,1024,1024,PNG,RGB,mvtec,1.0
029-15.png,1024,1024,PNG,RGB,mvtec,1.0
015-56.png,1024,1024,PNG,RGB,mvtec,1.0
001-69.png,1024,1024,PNG,RGB,mvtec,1.0
000-69.png,1024,1024,PNG,RGB,mvtec,1.0
014-57.png,1024,1024,PNG,RGB,mvtec,1.0
028-15.png,1024,1024,PNG,RGB,mvtec,1.0
010-59.png,1024,1024,PNG,RGB,mvtec,1.0
004-69.png,1024,1024,PNG,RGB,mvtec,1.0
038-13.png,1024,1024,PNG,RGB,mvtec,1.0
039-13.png,1024,1024,PNG,RGB,mvtec,1.0
005-69.png,1024,1024,PNG,RGB,mvtec,1.0
011-58.png,1024,1024,PNG,RGB,mvtec,1.0
007-69.png,1024,1024,PNG,RGB,mvtec,1.0
013-57.png,1024,1024,PNG,RGB,mvtec,1.0
012-57.png,1024,1024,PNG,RGB,mvtec,1.0
006-69.png,1024,1024,PNG,RGB,mvtec,1.0
049-12.png,1024,1024,PNG,RGB,mvtec,1.0
048-12.png,1024,1024,PNG,RGB,mvtec,1.0
040-12.png,1024,1024,PNG,RGB,mvtec,1.0
054-12.png,1024,1024,PNG,RGB,mvtec,1.0
055-12.png,1024,1024,PNG,RGB,mvtec,1.0
041-12.png,1024,1024,PNG,RGB,mvtec,1.0
057-12.png,1024,1024,PNG,RGB,mvtec,1.0
043-12.png,1024,1024,PNG,RGB,mvtec,1.0
042-12.png,1024,1024,PNG,RGB,mvtec,1.0
056-12.png,1024,1024,PNG,RGB,mvtec,1.0
052-12.png,1024,1024,PNG,RGB,mvtec,1.0
046-12.png,1024,1024,PNG,RGB,mvtec,1.0
047-12.png,1024,1024,PNG,RGB,mvtec,1.0
053-12.png,1024,1024,PNG,RGB,mvtec,1.0
045-12.png,1024,1024,PNG,RGB,mvtec,1.0
051-12.png,1024,1024,PNG,RGB,mvtec,1.0
050-12.png,1024,1024,PNG,RGB,mvtec,1.0
044-12.png,1024,1024,PNG,RGB,mvtec,1.0
023-21.png,1024,1024,PNG,RGB,mvtec,1.0
037-13.png,1024,1024,PNG,RGB,mvtec,1.0
036-13.png,1024,1024,PNG,RGB,mvtec,1.0
022-26.png,1024,1024,PNG,RGB,mvtec,1.0
008-68.png,1024,1024,PNG,RGB,mvtec,1.0
034-13.png,1024,1024,PNG,RGB,mvtec,1.0
020-32.png,1024,1024,PNG,RGB,mvtec,1.0
021-29.png,1024,1024,PNG,RGB,mvtec,1.0
035-13.png,1024,1024,PNG,RGB,mvtec,1.0
009-67.png,1024,1024,PNG,RGB,mvtec,1.0
031-15.png,1024,1024,PNG,RGB,mvtec,1.0
025-18.png,1024,1024,PNG,RGB,mvtec,1.0
019-33.png,1024,1024,PNG,RGB,mvtec,1.0
018-38.png,1024,1024,PNG,RGB,mvtec,1.0
024-20.png,1024,1024,PNG,RGB,mvtec,1.0
030-15.png,1024,1024,PNG,RGB,mvtec,1.0
026-16.png,1024,1024,PNG,RGB,mvtec,1.0
032-14.png,1024,1024,PNG,RGB,mvtec,1.0
033-13.png,1024,1024,PNG,RGB,mvtec,1.0
027-16.png,1024,1024,PNG,RGB,mvtec,1.0
002-72.png,1024,1024,PNG,RGB,mvtec,1.0
003-72.png,1024,1024,PNG,RGB,mvtec,1.0
001-72.png,1024,1024,PNG,RGB,mvtec,1.0
000-72.png,1024,1024,PNG,RGB,mvtec,1.0
010-61.png,1024,1024,PNG,RGB,mvtec,1.0
004-72.png,1024,1024,PNG,RGB,mvtec,1.0
005-72.png,1024,1024,PNG,RGB,mvtec,1.0
011-60.png,1024,1024,PNG,RGB,mvtec,1.0
007-72.png,1024,1024,PNG,RGB,mvtec,1.0
012-58.png,1024,1024,PNG,RGB,mvtec,1.0
006-72.png,1024,1024,PNG,RGB,mvtec,1.0
008-71.png,1024,1024,PNG,RGB,mvtec,1.0
009-70.png,1024,1024,PNG,RGB,mvtec,1.0
000000.png,2904,1921,PNG,RGB,vision,1.51
000001.png,2282,2248,PNG,RGB,vision,1.02
000002.png,2904,1921,PNG,RGB,vision,1.51
000003.png,2529,2530,PNG,RGB,vision,1.0
000008.png,3034,1586,PNG,RGB,vision,1.91
000010.png,3034,1586,PNG,RGB,vision,1.91
000011.png,3034,1586,PNG,RGB,vision,1.91
000013.png,2282,2248,PNG,RGB,vision,1.02
000023.png,2529,2530,PNG,RGB,vision,1.0
000024.png,3034,1586,PNG,RGB,vision,1.91
000026.png,2775,2159,PNG,RGB,vision,1.29
000027.png,3034,1586,PNG,RGB,vision,1.91
000028.png,3056,2464,PNG,RGB,vision,1.24
000029.png,2240,2016,PNG,RGB,vision,1.11
000030.png,3034,1586,PNG,RGB,vision,1.91
000031.png,2282,2248,PNG,RGB,vision,1.02
000032.png,2868,2316,PNG,RGB,vision,1.24
000033.png,3034,1586,PNG,RGB,vision,1.91
000036.png,2240,2016,PNG,RGB,vision,1.11
000039.png,2544,2156,PNG,RGB,vision,1.18
000040.png,2529,2530,PNG,RGB,vision,1.0
000043.png,2282,2248,PNG,RGB,vision,1.02
000044.png,2544,2156,PNG,RGB,vision,1.18
000045.png,2904,1921,PNG,RGB,vision,1.51
000046.png,2240,2016,PNG,RGB,vision,1.11
000047.png,2904,1921,PNG,RGB,vision,1.51
000050.png,2240,2016,PNG,RGB,vision,1.11
000051.png,2544,2156,PNG,RGB,vision,1.18
000052.png,2868,2316,PNG,RGB,vision,1.24
000054.png,2240,2016,PNG,RGB,vision,1.11
000055.png,2529,2530,PNG,RGB,vision,1.0
000056.png,2544,2156,PNG,RGB,vision,1.18
000058.png,2868,2316,PNG,RGB,vision,1.24
000060.png,2282,2248,PNG,RGB,vision,1.02
000064.png,2759,2154,PNG,RGB,vision,1.28
000065.png,3034,1586,PNG,RGB,vision,1.91
000067.png,2544,2156,PNG,RGB,vision,1.18
000071.png,2759,2154,PNG,RGB,vision,1.28
000073.png,2282,2248,PNG,RGB,vision,1.02
000074.png,2282,2248,PNG,RGB,vision,1.02
000077.png,2759,2154,PNG,RGB,vision,1.28
000078.png,2282,2248,PNG,RGB,vision,1.02
000080.png,2759,2154,PNG,RGB,vision,1.28
000081.png,2904,1921,PNG,RGB,vision,1.51
000084.png,2904,1921,PNG,RGB,vision,1.51
000085.png,2240,2016,PNG,RGB,vision,1.11
000004.png,3840,2748,PNG,RGB,vision,1.4
000005.png,3840,2748,PNG,RGB,vision,1.4
000009.png,1920,1280,PNG,RGB,vision,1.5
000010_1.png,3840,2748,PNG,RGB,vision,1.4
000012.png,3840,2748,PNG,RGB,vision,1.4
000013_1.png,1920,1280,PNG,RGB,vision,1.5
000014.png,3840,2748,PNG,RGB,vision,1.4
000015.png,3840,2748,PNG,RGB,vision,1.4
000018.png,1920,1280,PNG,RGB,vision,1.5
000021.png,3840,2748,PNG,RGB,vision,1.4
000022.png,3840,2748,PNG,RGB,vision,1.4
000023_1.png,3840,2748,PNG,RGB,vision,1.4
000031_1.png,3840,2748,PNG,RGB,vision,1.4
000034.png,3840,2748,PNG,RGB,vision,1.4
000040_1.png,3840,2748,PNG,RGB,vision,1.4
000042.png,3840,2748,PNG,RGB,vision,1.4
000044_1.png,3840,2748,PNG,RGB,vision,1.4
000046_1.png,3840,2748,PNG,RGB,vision,1.4
000048.png,3840,2748,PNG,RGB,vision,1.4
000049.png,3840,2748,PNG,RGB,vision,1.4
000050_1.png,1920,1280,PNG,RGB,vision,1.5
000051_1.png,3840,2748,PNG,RGB,vision,1.4
000053.png,3840,2748,PNG,RGB,vision,1.4
000055_1.png,1920,1280,PNG,RGB,vision,1.5
000056_1.png,3840,2748,PNG,RGB,vision,1.4
000058_1.png,3840,2748,PNG,RGB,vision,1.4
000060_1.png,1920,1280,PNG,RGB,vision,1.5
000061.png,1920,1280,PNG,RGB,vision,1.5
000063.png,1920,1280,PNG,RGB,vision,1.5
000066.png,3840,2748,PNG,RGB,vision,1.4
000067_1.png,3840,2748,PNG,RGB,vision,1.4
000068.png,1920,1280,PNG,RGB,vision,1.5
000070.png,1920,1280,PNG,RGB,vision,1.5
000073_1.png,3840,2748,PNG,RGB,vision,1.4
000077_1.png,3840,2748,PNG,RGB,vision,1.4
000078_1.png,1920,1280,PNG,RGB,vision,1.5
000079.png,3840,2748,PNG,RGB,vision,1.4
000080_1.png,3840,2748,PNG,RGB,vision,1.4
000082.png,3840,2748,PNG,RGB,vision,1.4
000083.png,3840,2748,PNG,RGB,vision,1.4
000084_1.png,3840,2748,PNG,RGB,vision,1.4
000086.png,3840,2748,PNG,RGB,vision,1.4
000088.png,3840,2748,PNG,RGB,vision,1.4
000089.png,3840,2748,PNG,RGB,vision,1.4
000090.png,3840,2748,PNG,RGB,vision,1.4
000091.png,3840,2748,PNG,RGB,vision,1.4
000092.png,3840,2748,PNG,RGB,vision,1.4
000094.png,1920,1280,PNG,RGB,vision,1.5
000096.png,1920,1280,PNG,RGB,vision,1.5
000098.png,3840,2748,PNG,RGB,vision,1.4
000099.png,3840,2748,PNG,RGB,vision,1.4
000100.png,3840,2748,PNG,RGB,vision,1.4
000101.png,3840,2748,PNG,RGB,vision,1.4
000102.png,1920,1280,PNG,RGB,vision,1.5
000103.png,3840,2748,PNG,RGB,vision,1.4
000104.png,3840,2748,PNG,RGB,vision,1.4
000105.png,1920,1280,PNG,RGB,vision,1.5
000109.png,1920,1280,PNG,RGB,vision,1.5
000110.png,3840,2748,PNG,RGB,vision,1.4
000111.png,3840,2748,PNG,RGB,vision,1.4
000112.png,3840,2748,PNG,RGB,vision,1.4
000114.png,3840,2748,PNG,RGB,vision,1.4
000120.png,1920,1280,PNG,RGB,vision,1.5
000121.png,3840,2748,PNG,RGB,vision,1.4
000125.png,3840,2748,PNG,RGB,vision,1.4
000126.png,3840,2748,PNG,RGB,vision,1.4
000127.png,3840,2748,PNG,RGB,vision,1.4
000128.png,3840,2748,PNG,RGB,vision,1.4
000129.png,3840,2748,PNG,RGB,vision,1.4
000130.png,1920,1280,PNG,RGB,vision,1.5
000131.png,3840,2748,PNG,RGB,vision,1.4
000132.png,1920,1280,PNG,RGB,vision,1.5
000133.png,3840,2748,PNG,RGB,vision,1.4
000135.png,1920,1280,PNG,RGB,vision,1.5
000139.png,3840,2748,PNG,RGB,vision,1.4
000140.png,3840,2748,PNG,RGB,vision,1.4
000141.png,3840,2748,PNG,RGB,vision,1.4
000142.png,3840,2748,PNG,RGB,vision,1.4
000144.png,3840,2748,PNG,RGB,vision,1.4
000145.png,3840,2748,PNG,RGB,vision,1.4
000146.png,3840,2748,PNG,RGB,vision,1.4
000147.png,1920,1280,PNG,RGB,vision,1.5
000151.png,3840,2748,PNG,RGB,vision,1.4
000153.png,3840,2748,PNG,RGB,vision,1.4
000154.png,3840,2748,PNG,RGB,vision,1.4
000156.png,3840,2748,PNG,RGB,vision,1.4
000157.png,1920,1280,PNG,RGB,vision,1.5
000160.png,1920,1280,PNG,RGB,vision,1.5
000165.png,1920,1280,PNG,RGB,vision,1.5
000166.png,3840,2748,PNG,RGB,vision,1.4
000167.png,3840,2748,PNG,RGB,vision,1.4
000170.png,1920,1280,PNG,RGB,vision,1.5
000177.png,3840,2748,PNG,RGB,vision,1.4
000179.png,3840,2748,PNG,RGB,vision,1.4
000180.png,3840,2748,PNG,RGB,vision,1.4
000184.png,3840,2748,PNG,RGB,vision,1.4
000185.png,3840,2748,PNG,RGB,vision,1.4
000186.png,3840,2748,PNG,RGB,vision,1.4
000189.png,3840,2748,PNG,RGB,vision,1.4
000001_1.png,910,466,PNG,RGB,vision,1.95
000005_1.png,726,287,PNG,RGB,vision,2.53
000006.png,2624,2624,PNG,RGB,vision,1.0
000007.png,262,192,PNG,RGB,vision,1.36
000008_1.png,1920,1080,PNG,RGB,vision,1.78
000011_1.png,1016,484,PNG,RGB,vision,2.1
000012_1.png,2624,2624,PNG,RGB,vision,1.0
000013_2.png,974,454,PNG,RGB,vision,2.15
000014_1.png,992,518,PNG,RGB,vision,1.92
000015_1.png,1920,1080,PNG,RGB,vision,1.78
000016.png,962,692,PNG,RGB,vision,1.39
000022_1.png,1010,468,PNG,RGB,vision,2.16
000024_1.png,1920,1080,PNG,RGB,vision,1.78
000027_1.png,1920,1080,PNG,RGB,vision,1.78
000028_1.png,632,480,PNG,RGB,vision,1.32
000032_1.png,1920,1080,PNG,RGB,vision,1.78
000033_1.png,934,502,PNG,RGB,vision,1.86
000036_1.png,2624,2624,PNG,RGB,vision,1.0
000038.png,1026,566,PNG,RGB,vision,1.81
000040_2.png,632,480,PNG,RGB,vision,1.32
000041.png,1920,1080,PNG,RGB,vision,1.78
000044_2.png,1920,1080,PNG,RGB,vision,1.78
000045_1.png,632,480,PNG,RGB,vision,1.32
000046_2.png,1920,1080,PNG,RGB,vision,1.78
000048_1.png,632,480,PNG,RGB,vision,1.32
000050_2.png,1920,1080,PNG,RGB,vision,1.78
000051_2.png,632,480,PNG,RGB,vision,1.32
000052_1.png,1920,1080,PNG,RGB,vision,1.78
000054_1.png,966,464,PNG,RGB,vision,2.08
000055_2.png,632,480,PNG,RGB,vision,1.32
000056_2.png,632,480,PNG,RGB,vision,1.32
000059.png,632,480,PNG,RGB,vision,1.32
000060_2.png,1920,1080,PNG,RGB,vision,1.78
000062.png,1528,1146,PNG,RGB,vision,1.33
000064_1.png,1528,1146,PNG,RGB,vision,1.33
000066_1.png,1920,1080,PNG,RGB,vision,1.78
000069.png,1920,1080,PNG,RGB,vision,1.78
000070_1.png,1294,654,PNG,RGB,vision,1.98
000071_1.png,1528,1146,PNG,RGB,vision,1.33
000073_2.png,1920,1080,PNG,RGB,vision,1.78
000074_1.png,1920,1080,PNG,RGB,vision,1.78
000076.png,632,480,PNG,RGB,vision,1.32
000077_2.png,632,480,PNG,RGB,vision,1.32
000080_2.png,1920,1080,PNG,RGB,vision,1.78
000081_1.png,1920,1080,PNG,RGB,vision,1.78
000083_1.png,632,480,PNG,RGB,vision,1.32
000084_2.png,1920,1080,PNG,RGB,vision,1.78
000088_1.png,1920,1080,PNG,RGB,vision,1.78
000090_1.png,1920,1080,PNG,RGB,vision,1.78
000092_1.png,1920,1080,PNG,RGB,vision,1.78
000093.png,632,480,PNG,RGB,vision,1.32
000095.png,1920,1080,PNG,RGB,vision,1.78
000100_1.png,1920,1080,PNG,RGB,vision,1.78
000106.png,1000,534,PNG,RGB,vision,1.87
000107.png,1920,1080,PNG,RGB,vision,1.78
000109_1.png,632,480,PNG,RGB,vision,1.32
000110_1.png,632,480,PNG,RGB,vision,1.32
000111_1.png,978,242,PNG,RGB,vision,4.04
000113.png,632,480,PNG,RGB,vision,1.32
000114_1.png,1000,450,PNG,RGB,vision,2.22
000118.png,632,480,PNG,RGB,vision,1.32
000119.png,962,558,PNG,RGB,vision,1.72
000120_1.png,1920,1080,PNG,RGB,vision,1.78
000121_1.png,632,480,PNG,RGB,vision,1.32
000122.png,632,480,PNG,RGB,vision,1.32
000123.png,1920,1080,PNG,RGB,vision,1.78
000124.png,1920,1080,PNG,RGB,vision,1.78
000126_1.png,1920,1080,PNG,RGB,vision,1.78
000127_1.png,632,480,PNG,RGB,vision,1.32
000132_1.png,632,480,PNG,RGB,vision,1.32
000135_1.png,632,480,PNG,RGB,vision,1.32
000136.png,1920,1080,PNG,RGB,vision,1.78
000137.png,632,480,PNG,RGB,vision,1.32
000138.png,632,480,PNG,RGB,vision,1.32
000139_1.png,1920,1080,PNG,RGB,vision,1.78
000140_1.png,1920,1080,PNG,RGB,vision,1.78
000141_1.png,1920,1080,PNG,RGB,vision,1.78
000145_1.png,632,480,PNG,RGB,vision,1.32
000147_1.png,1920,1080,PNG,RGB,vision,1.78
000148.png,632,480,PNG,RGB,vision,1.32
000149.png,632,480,PNG,RGB,vision,1.32
000151_1.png,1920,1080,PNG,RGB,vision,1.78
000154_1.png,1920,1080,PNG,RGB,vision,1.78
000155.png,632,480,PNG,RGB,vision,1.32
000156_1.png,632,480,PNG,RGB,vision,1.32
000157_1.png,632,480,PNG,RGB,vision,1.32
000158.png,632,480,PNG,RGB,vision,1.32
000161.png,632,480,PNG,RGB,vision,1.32
000162.png,1920,1080,PNG,RGB,vision,1.78
000164.png,696,378,PNG,RGB,vision,1.84
000167_1.png,1920,1080,PNG,RGB,vision,1.78
000168.png,632,480,PNG,RGB,vision,1.32
000169.png,2624,2624,PNG,RGB,vision,1.0
000170_1.png,632,480,PNG,RGB,vision,1.32
000171.png,632,480,PNG,RGB,vision,1.32
000003_1.png,3520,3499,PNG,RGB,vision,1.01
000004_1.png,2448,2048,PNG,RGB,vision,1.2
000012_2.png,512,512,PNG,RGB,vision,1.0
000020.png,2448,2048,PNG,RGB,vision,1.2
000022_2.png,2448,2048,PNG,RGB,vision,1.2
000031_2.png,512,512,PNG,RGB,vision,1.0
000041_1.png,3590,3586,PNG,RGB,vision,1.0
000042_1.png,3569,3574,PNG,RGB,vision,1.0
000046_3.png,2448,2048,PNG,RGB,vision,1.2
000050_3.png,3618,3617,PNG,RGB,vision,1.0
000051_3.png,3576,3571,PNG,RGB,vision,1.0
000059_1.png,512,512,PNG,RGB,vision,1.0
000062_1.png,2448,2048,PNG,RGB,vision,1.2
000063_1.png,3609,3620,PNG,RGB,vision,1.0
000068_1.png,2448,2048,PNG,RGB,vision,1.2
000078_2.png,512,512,PNG,RGB,vision,1.0
000080_3.png,512,512,PNG,RGB,vision,1.0
000082_1.png,2448,2048,PNG,RGB,vision,1.2
000094_1.png,512,512,PNG,RGB,vision,1.0
000099_1.png,512,512,PNG,RGB,vision,1.0
000102_1.png,512,512,PNG,RGB,vision,1.0
000104_1.png,3595,3572,PNG,RGB,vision,1.01
000110_2.png,2448,2048,PNG,RGB,vision,1.2
000112_1.png,2448,2048,PNG,RGB,vision,1.2
000114_2.png,3596,3591,PNG,RGB,vision,1.0
000124_1.png,512,512,PNG,RGB,vision,1.0
000126_2.png,3590,3590,PNG,RGB,vision,1.0
